depth,upper_age,lower_age,% TIC,wt %N,wt %C,wt %TOC,TC/TN,"d13C (permil, vs VPDB)"
167,27100.22,27318.08,0.00,0.60,5.90,5.90,9.83,-20.98
172,27318.08,27535.95,0.00,0.54,5.24,5.24,9.70,-21.48
177,27535.95,27753.81,0.00,0.52,4.87,4.87,9.37,-21.52
182,27753.81,27971.68,0.00,0.72,7.76,7.76,10.78,-19.90
187,27971.68,28189.54,0.00,0.44,4.24,4.24,9.64,-20.51
192,28189.54,28407.41,0.00,0.74,8.37,8.37,11.31,-19.10
197,28407.41,29932.46,0.00,0.75,8.45,8.45,11.27,-19.01
232,29932.46,30150.33,0.00,0.83,9.70,9.70,11.69,-19.20
237,30150.33,30368.19,0.00,0.87,10.22,10.22,11.75,-19.75
242,30368.19,30586.06,0.00,0.68,7.56,7.56,11.12,-21.37
247,30586.06,30803.92,0.00,0.53,5.69,5.69,10.74,-22.77
252,30803.92,31021.79,0.00,0.47,4.84,4.84,10.30,-22.48
257,31021.79,31239.65,0.00,0.27,2.69,2.69,9.96,-22.71
262,31239.65,31457.52,0.00,0.52,5.24,5.24,10.08,-22.82
267,31457.52,31675.38,0.00,0.54,5.45,5.45,10.09,-22.88
272,31675.38,31893.25,0.00,0.57,5.85,5.85,10.26,-22.79
277,31893.25,32111.11,0.00,0.60,6.59,6.59,10.98,-21.64
282,32111.11,32328.98,0.00,0.70,7.47,7.47,10.67,-21.75
287,32328.98,32546.84,0.00,0.69,7.59,7.59,11.00,-21.67
292,32546.84,32764.71,0.00,0.70,7.62,7.62,10.89,-21.30
297,32764.71,32982.57,0.00,0.62,6.68,6.68,10.77,-22.41
302,32982.57,33200.44,0.00,0.73,9.01,9.01,12.34,-19.94
307,33200.44,33418.30,0.00,0.53,6.34,6.34,11.96,-20.76
312,33418.30,33636.17,0.00,0.60,6.59,6.59,10.98,-20.41
317,33636.17,34725.49,0.00,0.25,2.95,2.95,11.80,-20.48
342,34725.49,34943.36,0.00,0.94,13.12,13.12,13.96,-17.44
347,34943.36,35161.22,0.00,1.05,15.22,15.22,14.50,-16.47
352,35161.22,35379.08,0.00,0.85,11.93,11.93,14.04,-18.03
357,35379.08,35596.95,0.00,0.53,6.30,6.30,11.89,-21.00
362,35596.95,35814.81,0.00,0.42,4.62,4.62,11.00,-22.84
367,35814.81,36032.68,0.00,0.37,3.88,3.88,10.49,-23.30
372,36032.68,36250.54,0.00,0.30,2.88,2.88,9.60,-23.29
377,36250.54,36468.41,0.00,0.22,2.17,2.17,9.86,-23.32
382,36468.41,36686.27,0.00,0.40,4.18,4.18,10.45,-23.35
387,36686.27,36904.14,0.00,0.46,4.72,4.72,10.26,-23.18
392,36904.14,37122.00,0.00,0.47,4.99,4.99,10.62,-23.03
397,37122.00,37339.87,0.00,0.54,6.09,6.09,11.28,-22.13
402,37339.87,37557.73,0.00,0.56,6.94,6.94,12.39,-21.39
407,37557.73,37775.60,0.00,0.72,8.89,8.89,12.35,-20.55
412,37775.60,37993.46,0.00,0.70,8.74,8.74,12.49,-20.57
417,37993.46,38211.33,0.00,0.75,9.62,9.62,12.83,-20.22
422,38211.33,38429.19,0.00,0.80,10.41,10.41,13.01,-20.34
427,38429.19,38647.06,0.00,0.65,7.99,7.99,12.29,-20.93
432,38647.06,39954.25,0.00,0.57,6.45,6.45,11.32,-21.54
462,39954.25,40172.11,0.00,0.63,6.34,6.34,10.06,-20.10
467,40172.11,40389.98,0.00,0.60,6.44,6.44,10.73,-21.39
472,40389.98,40607.84,0.00,0.69,8.68,8.68,12.58,-20.57
477,40607.84,40869.28,0.00,0.56,6.76,6.76,12.07,-21.41
483,40869.28,41043.57,0.00,0.48,5.21,5.21,10.85,-22.57
487,41043.57,41261.44,0.00,0.54,6.46,6.46,11.96,-21.65
492,41261.44,41479.30,0.00,0.59,7.06,7.06,11.97,-21.28
497,41479.30,41697.17,0.00,0.76,9.27,9.27,12.20,-20.39
502,41697.17,41915.03,0.00,0.80,10.38,10.38,12.98,-20.19
507,41915.03,42132.90,0.00,0.59,7.05,7.05,11.95,-21.41
512,42132.90,42350.76,0.00,0.62,7.08,7.08,11.42,-20.80
517,42350.76,42568.63,0.00,0.65,7.69,7.69,11.83,-20.38
522,42568.63,42786.49,0.00,0.62,7.24,7.24,11.68,-20.46
527,42786.49,43004.36,0.00,0.55,6.20,6.20,11.27,-20.56
532,43004.36,43222.22,0.00,0.51,5.85,5.85,11.47,-20.47
537,43222.22,43440.09,0.00,0.44,4.90,4.90,11.14,-21.44
542,43440.09,43657.95,0.00,0.36,3.44,3.44,9.56,-24.77
547,43657.95,43875.82,0.00,0.32,3.08,3.08,9.63,-24.63
552,43875.82,44093.68,0.00,0.54,5.99,5.99,11.09,-23.40
557,44093.68,45183.01,0.00,0.63,7.64,7.64,12.13,-23.01
582,45183.01,45400.87,0.00,0.57,6.26,6.26,10.98,-21.41
587,45400.87,45618.74,0.00,0.37,3.77,3.77,10.19,-23.91
592,45618.74,45836.60,0.00,0.55,6.15,6.15,11.18,-23.47
597,45836.60,46054.47,0.00,0.55,6.55,6.55,11.91,-23.25
602,46054.47,46272.33,0.00,0.43,4.80,4.80,11.16,-23.56
607,46272.33,46490.20,0.00,0.36,4.24,4.24,11.78,-23.78
612,46490.20,46708.06,0.00,0.35,4.31,4.31,12.31,-23.52
617,46708.06,46925.93,0.00,0.28,3.19,3.19,11.39,-23.35
622,46925.93,47143.79,0.00,0.28,2.56,2.56,9.14,-25.07
627,47143.79,47361.66,0.00,0.25,2.13,2.13,8.52,-25.55
632,47361.66,47579.52,0.00,0.24,1.90,1.90,7.92,-26.00
637,47579.52,47797.39,0.00,0.25,1.99,1.99,7.96,-25.73
642,47797.39,48015.25,0.00,0.28,2.33,2.33,8.32,-25.30
647,48015.25,48233.12,0.00,0.30,2.65,2.65,8.83,-25.07
652,48233.12,48450.98,0.00,0.34,3.23,3.23,9.50,-24.78
657,48450.98,48668.85,0.00,0.39,4.05,4.05,10.38,-24.30
662,48668.85,48886.71,0.00,0.46,5.34,5.34,11.61,-23.40
667,48886.71,49104.58,0.00,0.37,4.19,4.19,11.32,-23.26
672,49104.58,49322.44,0.00,0.40,4.35,4.35,10.88,-24.32
677,49322.44,50411.76,0.00,0.50,5.74,5.74,11.48,-24.41
702,50411.76,50629.63,0.00,0.61,6.74,6.74,11.05,-20.88
707,50629.63,50847.49,0.00,0.50,5.64,5.64,11.28,-21.34
712,50847.49,51065.36,0.00,0.43,4.37,4.37,10.16,-23.13
717,51065.36,51283.22,0.00,0.36,3.44,3.44,9.56,-24.50
722,51283.22,51501.09,0.00,0.32,3.15,3.15,9.84,-24.73
727,51501.09,51718.95,0.00,0.50,5.46,5.46,10.92,-23.50
732,51718.95,51936.82,0.00,0.28,2.97,2.97,10.61,-24.40
737,51936.82,52154.68,0.00,0.29,2.84,2.84,9.79,-24.54
742,52154.68,52372.55,0.00,0.60,6.91,6.91,11.52,-23.77
747,52372.55,52590.41,0.00,0.58,6.83,6.83,11.78,-23.47
752,52590.41,52808.28,0.00,0.55,6.35,6.35,11.55,-23.30
757,52808.28,53026.14,0.00,0.52,5.96,5.96,11.46,-23.16
762,53026.14,53244.01,0.00,0.58,6.82,6.82,11.76,-22.86
767,53244.01,53461.87,0.00,0.57,7.34,7.34,12.88,-20.18
772,53461.87,53679.74,0.00,0.39,4.70,4.70,12.05,-20.27
777,53679.74,53897.60,0.00,0.80,9.88,9.88,12.35,-20.83
782,53897.60,54115.47,0.00,0.78,9.46,9.46,12.13,-21.51
787,54115.47,54333.33,0.00,0.83,10.54,10.54,12.70,-21.03
792,54333.33,54551.20,0.00,0.93,12.40,12.40,13.33,-19.62
797,54551.20,55422.66,0.00,0.82,10.58,10.58,12.90,-20.55
817,55422.66,55640.52,0.00,0.14,0.77,0.77,5.50,-25.95
822,55640.52,55858.39,0.00,0.11,0.70,0.70,6.36,-26.05
827,55858.39,56076.25,0.00,0.18,0.93,0.93,5.17,-25.63
832,56076.25,56294.12,0.00,0.16,0.71,0.71,4.44,-26.02
837,56294.12,56511.98,0.00,0.17,0.70,0.70,4.12,-26.13
842,56511.98,56729.85,0.00,0.15,0.71,0.71,4.73,-25.99
847,56729.85,56947.71,0.00,0.14,0.65,0.65,4.64,-26.11
852,56947.71,57165.58,0.00,0.13,0.66,0.66,5.08,-26.07
857,57165.58,57383.44,0.00,0.12,0.60,0.60,5.00,-25.98
862,57383.44,57601.31,0.00,0.12,0.65,0.65,5.42,-25.91
867,57601.31,57819.17,0.00,0.13,0.75,0.75,5.77,-25.98
872,57819.17,58037.04,0.00,0.09,0.71,0.71,7.89,-26.01
877,58037.04,58254.90,0.00,0.09,0.67,0.67,7.44,-25.86
882,58254.90,58472.77,0.00,0.12,0.82,0.82,6.83,-26.19
887,58472.77,58690.63,0.00,0.01,0.60,0.60,60.00,-26.07
892,58690.63,58908.50,0.00,0.09,0.65,0.65,7.22,-26.14
897,58908.50,60869.28,0.00,0.09,0.78,0.78,8.67,-26.19
942,60869.28,61086.39,0.00,0.08,0.58,0.58,7.25,-26.27
947,61086.39,61302.38,0.01,0.16,1.88,1.88,11.75,-26.28
952,61302.38,61518.36,0.32,0.14,2.05,1.73,12.36,-26.29
957,61518.36,61734.34,0.00,0.10,0.74,0.74,7.40,-26.27
962,61734.34,61950.32,0.61,0.14,2.39,1.78,12.71,-26.18
967,61950.32,62166.31,0.01,0.19,1.87,1.87,9.84,-25.75
972,62166.31,62382.29,0.00,0.18,1.70,1.70,9.44,-25.69
977,62382.29,62598.27,0.00,0.19,1.83,1.83,9.63,-25.99
982,62598.27,62814.25,0.00,0.25,2.07,2.07,8.28,-25.68
987,62814.25,63030.24,0.00,0.28,2.32,2.32,8.29,-25.18
992,63030.24,63246.22,0.00,0.26,2.07,2.07,7.96,-25.43
997,63246.22,63462.20,0.00,0.25,2.13,2.13,8.52,-25.54
1002,63462.20,63678.19,0.00,0.24,1.96,1.96,8.17,-25.47
1007,63678.19,63894.17,0.00,0.20,1.63,1.63,8.15,-25.58
1012,63894.17,64110.15,0.00,0.20,1.74,1.74,8.70,-25.68
1017,64110.15,64326.13,0.00,0.23,1.87,1.87,8.13,-25.94
1022,64326.13,64542.12,0.00,0.20,1.66,1.66,8.30,-25.95
1027,64542.12,64758.10,0.00,0.18,1.52,1.52,8.44,-26.12
1032,64758.10,64974.08,0.00,0.18,1.65,1.65,9.17,-26.37
1037,64974.08,65190.06,0.00,0.17,1.82,1.82,10.71,-26.19
1042,65190.06,65406.05,0.00,0.14,1.26,1.26,9.00,-26.32
1047,65406.05,65622.03,0.00,0.12,1.06,1.06,8.83,-26.24
1052,65622.03,65838.01,0.00,0.11,0.94,0.94,8.55,-26.17
1057,65838.01,66054.00,0.00,0.16,1.44,1.44,9.00,-26.13
1062,66054.00,66269.98,0.00,0.16,1.51,1.51,9.44,-26.32
1067,66269.98,66485.96,0.00,0.17,1.56,1.56,9.18,-26.37
1072,66485.96,66701.94,0.00,0.17,1.69,1.69,9.94,-26.36
1077,66701.94,66917.93,0.00,0.19,2.04,2.04,10.74,-26.19
1082,66917.93,67133.91,0.00,0.19,2.01,2.01,10.58,-26.29
1087,67133.91,67349.89,0.01,0.19,2.15,2.15,11.32,-26.13
1092,67349.89,67565.87,0.00,0.19,1.99,1.99,10.47,-26.23
1097,67565.87,67781.86,0.00,0.21,1.91,1.91,9.10,-25.94
1102,67781.86,67997.84,0.00,0.25,2.16,2.16,8.64,-25.63
1107,67997.84,68213.82,0.00,0.30,2.64,2.64,8.80,-25.47
1112,68213.82,68429.81,0.00,0.30,2.64,2.64,8.80,-25.50
1117,68429.81,68645.79,0.00,0.34,3.26,3.26,9.59,-25.56
1122,68645.79,68861.77,0.00,0.30,2.85,2.85,9.50,-25.76
1127,68861.77,69077.75,0.00,0.27,2.53,2.53,9.37,-25.90
1132,69077.75,69293.74,0.00,0.30,3.13,3.13,10.43,-25.56
1137,69293.74,69509.72,0.00,0.29,2.99,2.99,10.31,-25.75
1142,69509.72,69725.70,0.00,0.30,3.16,3.16,10.53,-25.63
1147,69725.70,69941.68,0.00,0.40,4.09,4.09,10.23,-24.86
1152,69941.68,70157.67,0.00,0.49,5.66,5.66,11.55,-24.51
1157,70157.67,70373.65,0.00,0.57,7.41,7.41,13.00,-23.65
1162,70373.65,70589.63,0.00,0.57,7.96,7.96,13.96,-22.90
1167,70589.63,70805.62,0.00,0.62,8.13,8.13,13.11,-22.56
1172,70805.62,71021.60,0.00,0.51,6.40,6.40,12.55,-24.05
1177,71021.60,71237.58,0.00,0.58,7.87,7.87,13.57,-24.03
1182,71237.58,71453.56,0.00,0.48,6.67,6.67,13.90,-24.04
1187,71453.56,71669.55,0.00,0.29,3.10,3.10,10.69,-26.09
1192,71669.55,71885.53,0.00,,,,,-26.53
1197,71885.53,72101.51,0.00,0.41,5.14,5.14,12.54,-26.64
1202,72101.51,72317.49,0.00,0.47,6.11,6.11,13.00,-26.50
1207,72317.49,72533.48,0.00,0.42,5.29,5.29,12.60,-26.50
1212,72533.48,72749.46,0.00,0.25,2.73,2.73,10.92,-26.49
1217,72749.46,72965.44,0.00,0.19,1.79,1.79,9.42,-26.30
1222,72965.44,73181.43,0.00,0.19,2.15,2.15,11.32,-26.01
1227,73181.43,73397.41,0.00,0.26,2.62,2.62,10.08,-25.44
1232,73397.41,73613.39,0.00,0.28,3.04,3.04,10.86,-25.14
1237,73613.39,73829.37,0.00,0.30,3.20,3.20,10.67,-25.34
1242,73829.37,74045.36,0.00,0.32,3.50,3.50,10.94,-25.61
1247,74045.36,74261.34,0.00,0.32,3.66,3.66,11.44,-25.81
1252,74261.34,74477.32,0.00,0.29,3.28,3.28,11.31,-25.87
1257,74477.32,74693.30,0.00,0.27,2.63,2.63,9.74,-25.89
1262,74693.30,74909.29,0.00,0.28,2.79,2.79,9.96,-25.75
1267,74909.29,75125.27,0.00,0.38,3.94,3.94,10.37,-25.27
1272,75125.27,75341.25,0.00,0.34,3.60,3.60,10.59,-25.32
1277,75341.25,75557.24,0.00,0.28,2.75,2.75,9.82,-25.75
1282,75557.24,75773.22,0.00,0.22,2.62,2.62,11.91,-25.62
1287,75773.22,75989.20,0.00,0.27,3.05,3.05,11.30,-25.31
1292,75989.20,76205.18,0.00,0.29,3.26,3.26,11.24,-25.52
1297,76205.18,76421.17,0.00,0.25,2.86,2.86,11.44,-25.65
1302,76421.17,76637.15,0.00,0.22,2.24,2.24,10.18,-25.72
1307,76637.15,76853.13,0.00,0.22,2.20,2.20,10.00,-25.97
1312,76853.13,77069.11,0.00,0.25,2.60,2.60,10.40,-25.70
1317,77069.11,77285.10,-0.01,0.28,2.86,2.86,10.21,-25.73
1322,77285.10,77501.08,0.00,0.35,3.65,3.65,10.43,-25.34
1327,77501.08,77717.06,0.00,0.33,3.63,3.63,11.00,-25.26
1332,77717.06,77933.05,0.00,0.31,2.96,2.96,9.55,-25.65
1337,77933.05,78149.03,0.00,0.15,0.72,0.72,4.80,-25.84
1342,78149.03,78365.01,0.00,0.15,0.56,0.56,3.73,-25.63
1347,78365.01,78580.99,0.00,0.18,0.61,0.61,3.39,-26.07
1352,78580.99,78796.98,0.00,0.17,0.58,0.58,3.41,-26.01
1357,78796.98,79012.96,0.00,0.15,0.53,0.53,3.53,-25.65
1362,79012.96,79228.94,0.00,0.11,0.45,0.45,4.09,-25.75
1367,79228.94,79444.92,0.00,0.11,0.56,0.56,5.09,-25.75
1372,79444.92,79660.91,0.00,0.09,0.44,0.44,4.89,-25.17
1377,79660.91,79876.89,0.00,0.09,0.50,0.50,5.56,-25.23
1382,79876.89,80092.87,0.00,0.01,0.50,0.50,50.00,-25.08
1387,80092.87,80308.86,-0.01,0.08,0.53,0.53,6.63,-24.88
1392,80308.86,80524.84,-0.01,0.11,0.69,0.69,6.27,-25.24
1397,80524.84,80740.82,0.00,0.08,0.69,0.69,8.63,-25.51
1402,80740.82,80956.80,0.00,0.01,0.69,0.69,69.00,-25.89
1407,80956.80,81180.65,0.00,0.09,0.77,0.77,8.56,-25.66
1412,81180.65,81406.45,0.00,0.11,1.47,1.47,13.36,-25.70
1417,81406.45,81632.26,0.00,0.16,1.16,1.16,7.25,-25.78
1422,81632.26,81858.06,0.00,0.16,1.38,1.38,8.63,-25.65
1427,81858.06,82083.87,0.00,0.17,2.21,2.21,13.00,-25.70
1432,82083.87,82309.68,-0.01,0.21,3.16,3.16,15.05,-25.71
1437,82309.68,82535.48,0.00,0.22,3.40,3.40,15.45,-26.03
1442,82535.48,82761.29,0.00,0.22,2.69,2.69,12.23,-25.89
1447,82761.29,82987.10,0.00,0.36,4.62,4.62,12.83,-26.08
1452,82987.10,83212.90,0.00,0.48,7.65,7.65,15.94,-26.18
1457,83212.90,83438.71,0.00,0.56,9.73,9.73,17.38,-26.20
1462,83438.71,83664.52,-0.01,1.36,20.04,20.04,14.74,-25.34
1467,83664.52,83890.32,0.00,0.57,10.29,10.29,18.05,-26.25
1472,83890.32,84116.13,0.00,0.56,9.29,9.29,16.59,-27.32
1477,84116.13,84341.94,0.00,0.35,5.28,5.28,15.09,-26.83
1482,84341.94,84567.74,0.00,0.35,4.40,4.40,12.57,-27.28
1487,84567.74,84793.55,0.00,0.39,4.85,4.85,12.44,-27.12
1492,84793.55,85019.35,0.00,0.45,7.38,7.38,16.40,-28.50
1497,85019.35,85245.16,-0.01,0.62,11.29,11.29,18.21,-27.47
1502,85245.16,85696.77,0.00,0.33,5.19,5.19,15.73,-27.04
1512,85696.77,85922.58,0.00,0.79,14.73,14.73,18.65,-27.12
1517,85922.58,86148.39,0.00,0.75,13.92,13.92,18.56,-26.98
1522,86148.39,86374.19,0.00,0.78,17.75,17.75,22.76,-26.40
1527,86374.19,86600.00,0.00,0.49,8.26,8.26,16.86,-26.95
1532,86600.00,86825.81,0.00,0.39,5.23,5.23,13.41,-27.06
1537,86825.81,87051.61,0.00,0.39,5.14,5.14,13.18,-27.21
1542,87051.61,87277.42,0.00,0.36,4.42,4.42,12.28,-26.63
1547,87277.42,87503.23,0.00,0.25,2.40,2.40,9.60,-25.42
1552,87503.23,87729.03,0.00,0.20,1.68,1.68,8.40,-25.86
1557,87729.03,87954.84,0.00,0.19,1.56,1.56,8.21,-27.04
1562,87954.84,88180.65,0.00,0.20,1.91,1.91,9.55,-26.86
1567,88180.65,88406.45,0.00,0.19,1.77,1.77,9.32,-26.79
1572,88406.45,88632.26,0.00,0.22,2.26,2.26,10.27,-26.87
1577,88632.26,88858.06,0.00,0.19,1.80,1.80,9.47,-26.72
1582,88858.06,89083.87,0.00,0.20,1.86,1.86,9.30,-26.42
1587,89083.87,89309.68,0.00,0.17,1.53,1.53,9.00,-26.52
1592,89309.68,89535.48,0.00,0.18,1.59,1.59,8.83,-26.70
1597,89535.48,89761.29,0.00,0.20,1.67,1.67,8.35,-26.33
1602,89761.29,89987.10,0.00,0.19,1.54,1.54,8.11,-26.47
1607,89987.10,90212.90,0.00,0.20,1.68,1.68,8.40,-26.48
1612,90212.90,90438.71,0.00,0.27,2.79,2.79,10.33,-27.63
1617,90438.71,90664.52,0.00,0.28,2.63,2.63,9.39,-27.20
1622,90664.52,90890.32,0.00,0.26,2.37,2.37,9.12,-27.24
1627,90890.32,91116.13,-0.01,0.22,1.92,1.92,8.73,-27.95
1632,91116.13,91341.94,-0.01,0.23,2.18,2.18,9.48,-27.35
1637,91341.94,134145.92,0.00,0.18,1.74,1.74,9.67,-27.11
2622,134145.92,134360.52,0.00,0.16,1.42,1.42,8.88,-25.75
2627,134360.52,134575.11,0.00,0.16,1.06,1.06,6.63,-25.99
2632,134575.11,134789.70,0.00,0.15,0.95,0.95,6.33,-26.41
2637,134789.70,135004.29,0.00,0.16,1.04,1.04,6.50,-26.54
2642,135004.29,135218.88,0.00,0.14,0.71,0.71,5.07,-26.79
2647,135218.88,135433.48,0.00,0.13,0.70,0.70,5.38,-26.68
2652,135433.48,135648.07,0.00,0.14,0.69,0.69,4.93,-27.04
2657,135648.07,135862.66,0.00,0.14,0.75,0.75,5.36,-26.77
2662,135862.66,136077.25,0.00,0.14,0.80,0.80,5.71,-26.95
2667,136077.25,136291.85,0.00,0.14,0.81,0.81,5.79,-27.29
2672,136291.85,136506.44,0.00,0.14,0.96,0.96,6.86,-27.48
2677,136506.44,136721.03,0.00,0.14,0.93,0.93,6.64,-27.38
2682,136721.03,136935.62,0.00,0.22,2.05,2.05,9.32,-28.31
2687,136935.62,137150.21,0.00,0.19,1.33,1.33,7.00,-27.16
2692,137150.21,137364.81,0.00,0.22,1.59,1.59,7.23,-28.10
2697,137364.81,137579.40,0.00,0.20,1.17,1.17,5.85,-27.43
2702,137579.40,137793.99,0.00,0.19,1.01,1.01,5.32,-27.08
2707,137793.99,138008.58,0.00,0.19,1.01,1.01,5.32,-26.77
2712,138008.58,138223.18,0.00,0.18,0.97,0.97,5.39,-26.50
2717,138223.18,139296.14,0.00,0.19,1.11,1.11,5.84,-26.68
2742,139296.14,139510.73,0.00,0.21,2.27,2.27,10.81,-26.84
2747,139510.73,139725.32,0.00,0.24,2.25,2.25,9.38,-26.63
2752,139725.32,139939.91,0.00,0.01,0.06,0.06,6.00,-26.97
2757,139939.91,140154.51,0.00,0.16,0.86,0.86,5.38,-26.51
2762,140154.51,140369.10,0.00,0.16,0.82,0.82,5.13,-26.77
2767,140369.10,140583.69,0.00,0.15,0.81,0.81,5.40,-26.73
2772,140583.69,140798.28,0.00,0.14,0.85,0.85,6.07,-26.98
2777,140798.28,141012.88,0.00,0.15,0.89,0.89,5.93,-27.38
2782,141012.88,141227.47,0.00,0.19,1.81,1.81,9.53,-27.29
2787,141227.47,141442.06,0.00,0.19,1.44,1.44,7.58,-27.42
2792,141442.06,141656.65,0.00,0.19,1.67,1.67,8.79,-26.92
2797,141656.65,141871.24,0.00,0.19,1.73,1.73,9.11,-27.00
2802,141871.24,142086.39,0.00,0.19,1.65,1.65,8.68,-27.09
2807,142086.39,142302.38,0.00,0.18,1.84,1.84,10.22,-27.34
2812,142302.38,142518.36,0.00,0.19,2.01,2.01,10.58,-27.46
2817,142518.36,142734.34,0.00,0.20,2.23,2.23,11.15,-27.45
2822,142734.34,142950.32,0.00,0.16,1.59,1.59,9.94,-26.97
2827,142950.32,143166.31,0.00,0.19,2.02,2.02,10.63,-27.05
2832,143166.31,143382.29,0.00,0.20,2.29,2.29,11.45,-27.63
2837,143382.29,143814.25,0.00,0.22,2.44,2.44,11.09,-27.52
2847,143814.25,144030.24,0.00,0.16,1.05,1.05,6.56,-26.58
2852,144030.24,144246.22,0.00,0.16,1.18,1.18,7.38,-25.23
2857,144246.22,144462.20,0.00,0.18,1.23,1.23,6.83,-26.09
2862,144462.20,144678.19,0.00,0.66,10.46,10.46,15.85,-28.32
2867,144678.19,144894.17,0.00,0.69,12.30,12.30,17.83,-28.05
2872,144894.17,145110.15,0.00,0.63,12.71,12.71,20.17,-27.86
2877,145110.15,145326.13,0.00,0.45,6.30,6.30,14.00,-28.01
2882,145326.13,145542.12,0.00,0.74,13.73,13.73,18.55,-28.00
2887,145542.12,145758.10,0.00,0.62,15.00,15.00,24.19,-28.61
2892,145758.10,145974.08,0.00,0.19,2.50,2.50,13.16,-27.68
2897,145974.08,146190.06,0.00,0.14,1.42,1.42,10.14,-26.72
2902,146190.06,146406.05,0.00,0.13,1.24,1.24,9.54,-26.71
2907,146406.05,146622.03,0.00,0.12,1.05,1.05,8.75,-26.82
2912,146622.03,146838.01,0.00,0.12,1.04,1.04,8.67,-26.09
2917,146838.01,147054.00,0.00,0.16,1.06,1.06,6.63,-26.57
2922,147054.00,147269.98,0.00,0.15,1.09,1.09,7.27,-26.62
2927,147269.98,147485.96,0.00,0.17,1.14,1.14,6.71,-26.66
2932,147485.96,147701.94,0.00,0.16,1.19,1.19,7.44,-26.82
2937,147701.94,147917.93,0.00,0.17,1.32,1.32,7.76,-26.63
2942,147917.93,148133.91,0.00,0.16,1.20,1.20,7.50,-26.70
2947,148133.91,148349.89,0.00,0.16,1.15,1.15,7.19,-26.46
2952,148349.89,148479.48,0.00,0.14,1.45,1.45,10.36,-26.24
2955,148479.48,148565.87,,,,,,
2957,148565.87,149645.79,0.00,0.17,1.44,1.44,8.47,-26.22
2982,149645.79,149861.77,0.00,0.16,1.15,1.15,7.19,-26.88
2987,149861.77,150077.75,0.00,0.15,1.27,1.27,8.47,-26.83
2992,150077.75,150293.74,0.00,0.15,1.19,1.19,7.93,-26.51
2997,150293.74,150509.72,0.00,0.15,1.30,1.30,8.67,-26.46
3002,150509.72,150725.70,0.00,0.14,1.37,1.37,9.79,-26.30
3007,150725.70,150941.68,0.00,0.13,1.05,1.05,8.08,-26.33
3012,150941.68,151157.67,0.00,0.10,0.49,0.49,4.90,-26.78
3017,151157.67,151373.65,0.00,0.15,1.38,1.38,9.20,-26.12
3022,151373.65,151589.63,0.00,0.13,0.89,0.89,6.85,-26.33
3027,151589.63,151805.62,0.00,0.14,1.05,1.05,7.50,-26.50
3032,151805.62,152021.60,0.00,0.16,1.32,1.32,8.25,-26.33
3037,152021.60,152237.58,0.00,0.10,0.49,0.49,4.90,-26.66
3042,152237.58,152453.56,,0.11,0.57,0.57,5.18,-26.57
3047,152453.56,152669.55,0.00,0.12,0.77,0.77,6.42,-27.13
3052,152669.55,152885.53,0.00,0.11,0.56,0.56,5.09,-26.75
3057,152885.53,153101.51,0.00,0.13,0.71,0.71,5.46,-27.06
3062,153101.51,153317.49,0.00,0.12,0.61,0.61,5.08,-26.86
3067,153317.49,153533.48,0.00,0.15,0.80,0.80,5.33,-26.89
3072,153533.48,153749.46,0.00,0.15,0.85,0.85,5.67,-26.96
3077,153749.46,155045.36,0.00,0.14,0.87,0.87,6.21,-26.88
3107,155045.36,155261.34,0.00,0.16,1.28,1.28,8.00,-26.44
3112,155261.34,155477.32,0.00,0.18,1.36,1.36,7.56,-26.54
3117,155477.32,155693.30,0.00,0.18,1.51,1.51,8.39,-26.49
3122,155693.30,155909.29,0.00,0.18,1.33,1.33,7.39,-26.39
3127,155909.29,156125.27,0.00,0.18,1.42,1.42,7.89,-26.47
3132,156125.27,156341.25,0.00,0.19,1.42,1.42,7.47,-26.52
3137,156341.25,156557.24,0.00,0.18,1.87,1.87,10.39,-26.41
3142,156557.24,156773.22,0.00,0.18,2.50,2.50,13.89,-26.59
3147,156773.22,156989.20,0.00,0.19,1.88,1.88,9.89,-26.65
3152,156989.20,157205.18,0.00,0.24,2.14,2.14,8.92,-26.36
3157,157205.18,157421.17,0.00,0.27,2.44,2.44,9.04,-27.38
3162,157421.17,157637.15,0.00,0.26,2.32,2.32,8.92,-27.60
3167,157637.15,157853.13,0.00,0.27,2.53,2.53,9.37,-28.03
3172,157853.13,158069.11,0.00,0.26,2.48,2.48,9.54,-27.85
3177,158069.11,158285.10,0.00,0.25,2.36,2.36,9.44,-27.95
3182,158285.10,158717.06,0.00,0.26,2.53,2.53,9.73,-27.74
3192,158717.06,158933.05,0.00,0.25,2.68,2.68,10.72,-28.15
3197,158933.05,159149.03,0.00,0.31,4.35,4.35,14.03,-27.66
3202,159149.03,159365.01,0.00,0.24,2.30,2.30,9.58,-27.87
3207,159365.01,159580.99,0.00,0.26,2.33,2.33,8.96,-28.44
3212,159580.99,159796.98,0.00,0.31,3.46,3.46,11.16,-28.22
3217,159796.98,160012.96,0.00,0.23,2.17,2.17,9.43,-28.12
3222,160012.96,160228.94,0.00,0.31,3.56,3.56,11.48,-27.83
3227,160228.94,160444.92,0.00,0.34,4.84,4.84,14.24,-27.98
3232,160444.92,160660.91,0.00,0.38,5.41,5.41,14.24,-28.56
3237,160660.91,160876.89,0.00,0.24,2.82,2.82,11.75,-27.89
3242,160876.89,161092.87,0.00,0.19,2.04,2.04,10.74,-27.67
3247,161092.87,161308.86,0.00,0.26,3.19,3.19,12.27,-27.96
3252,161308.86,161524.84,0.00,0.27,3.35,3.35,12.41,-27.61
3257,161524.84,161740.82,0.00,0.24,2.75,2.75,11.46,-27.77
3262,161740.82,161956.80,0.00,0.62,12.61,12.61,20.34,-27.45
3267,161956.80,162183.01,0.00,1.17,30.31,30.31,25.91,-27.20
3272,162183.01,162411.76,0.00,0.98,21.08,21.08,21.51,-27.44
3277,162411.76,162640.52,0.00,0.45,6.43,6.43,14.29,-27.01
3282,162640.52,162869.28,0.00,0.35,3.53,3.53,10.09,-27.66
3287,162869.28,163098.04,0.00,0.39,4.80,4.80,12.31,-28.26
3292,163098.04,163326.80,0.00,0.45,6.43,6.43,14.29,-28.40
3297,163326.80,163555.56,0.00,0.43,5.99,5.99,13.93,-28.28
3302,163555.56,163784.31,0.00,0.52,8.71,8.71,16.75,-27.98
3307,163784.31,164013.07,0.00,0.66,15.27,15.27,23.14,-27.18
3312,164013.07,164241.83,0.00,0.46,7.17,7.17,15.59,-27.37
3317,164241.83,165385.62,0.00,0.44,6.57,6.57,14.93,-27.73
3342,165385.62,165614.38,0.00,0.20,2.16,2.16,10.80,-27.10
3347,165614.38,165843.14,0.00,0.41,6.90,6.90,16.83,-27.33
3352,165843.14,166071.90,0.00,0.47,6.89,6.89,14.66,-28.63
3357,166071.90,166300.65,0.00,0.50,7.74,7.74,15.48,-28.59
3362,166300.65,166529.41,0.00,0.44,6.47,6.47,14.70,-28.25
3367,166529.41,166758.17,0.00,0.43,6.05,6.05,14.07,-28.35
3372,166758.17,166986.93,0.00,0.42,5.74,5.74,13.67,-28.41
3377,166986.93,167215.69,0.00,0.46,6.64,6.64,14.43,-28.60
3382,167215.69,167444.44,0.00,0.37,4.93,4.93,13.32,-28.49
3387,167444.44,167673.20,0.00,0.34,3.70,3.70,10.88,-28.56
3392,167673.20,167901.96,0.00,0.36,4.60,4.60,12.78,-28.68
3397,167901.96,168130.72,0.00,0.35,4.44,4.44,12.69,-28.72
3402,168130.72,168359.48,0.00,0.39,5.36,5.36,13.74,-28.43
3407,168359.48,168588.24,0.00,0.39,5.44,5.44,13.95,-28.35
3412,168588.24,168816.99,0.00,0.40,5.48,5.48,13.70,-28.45
3417,168816.99,169045.75,0.00,0.37,5.08,5.08,13.73,-28.28
3422,169045.75,169274.51,0.00,0.40,5.80,5.80,14.50,-28.38
3427,169274.51,169503.27,0.00,0.37,4.96,4.96,13.41,-28.36
3432,169503.27,169732.03,0.00,0.37,4.99,4.99,13.49,-28.23
3437,169732.03,170418.30,0.00,0.36,4.81,4.81,13.36,-28.22
3452,170418.30,170647.06,0.00,0.15,1.49,1.49,9.93,-26.91
3457,170647.06,170875.82,0.00,0.16,1.41,1.41,8.81,-27.11
3462,170875.82,171104.58,0.00,0.17,1.42,1.42,8.35,-27.26
3467,171104.58,171333.33,0.00,0.17,1.47,1.47,8.65,-27.66
3472,171333.33,171562.09,0.00,0.20,1.47,1.47,7.35,-27.75
3477,171562.09,171790.85,0.00,0.20,1.05,1.05,5.25,-27.38
3482,171790.85,172019.61,0.00,0.19,0.83,0.83,4.37,-26.90
3487,172019.61,172248.37,0.00,0.20,0.97,0.97,4.85,-27.00
3492,172248.37,172477.12,0.00,0.19,1.07,1.07,5.63,-27.29
3497,172477.12,172705.88,0.00,0.19,1.66,1.66,8.74,-27.08
3502,172705.88,172934.64,0.00,0.33,4.07,4.07,12.33,-28.34
3507,172934.64,173163.40,0.00,0.28,3.26,3.26,11.64,-28.23
3512,173163.40,173392.16,0.00,0.29,3.14,3.14,10.83,-28.20
3517,173392.16,173620.92,0.00,0.25,1.77,1.77,7.08,-27.72
3522,173620.92,173849.67,0.00,0.33,4.13,4.13,12.52,-28.53
3527,173849.67,174078.43,0.00,0.36,5.05,5.05,14.03,-28.70
3532,174078.43,174307.19,0.00,0.30,3.49,3.49,11.63,-28.61
3537,174307.19,174535.95,0.00,0.35,5.08,5.08,14.51,-28.12
3542,174535.95,174764.71,0.00,0.38,7.94,7.94,20.89,-27.39
3547,174764.71,174993.46,0.00,0.28,2.70,2.70,9.64,-27.16
3552,174993.46,175222.22,0.00,0.24,2.61,2.61,10.88,-27.49
3557,175222.22,175679.74,0.00,0.20,1.95,1.95,9.75,-27.41
3567,175679.74,175908.50,0.00,0.29,3.98,3.98,13.72,-27.53
3572,175908.50,176137.25,0.00,0.25,3.48,3.48,13.92,-27.26
3577,176137.25,176366.01,0.00,0.16,1.65,1.65,10.31,-27.08
3582,176366.01,176594.77,0.00,0.19,2.04,2.04,10.74,-27.36
3587,176594.77,176823.53,0.00,0.17,1.49,1.49,8.76,-26.84
3592,176823.53,177052.29,0.00,0.20,2.14,2.14,10.70,-27.58
3597,177052.29,177281.05,0.00,0.16,1.86,1.86,11.63,-27.22
3602,177281.05,177509.80,0.00,0.17,1.86,1.86,10.94,-27.42
3607,177509.80,177738.56,0.00,0.15,1.58,1.58,10.53,-27.22
3612,177738.56,177967.32,0.15,0.18,1.94,1.79,9.94,-27.38
3617,177967.32,178196.08,0.00,0.16,1.93,1.93,12.06,-27.36
3622,178196.08,178424.84,0.00,0.23,2.33,2.33,10.13,-27.23
3627,178424.84,178653.59,0.17,0.19,1.88,1.71,9.00,-26.74
3632,178653.59,178882.35,0.00,0.15,1.31,1.31,8.73,-26.98
3637,178882.35,179111.11,0.00,0.16,1.38,1.38,8.63,-26.96
3642,179111.11,179339.87,0.00,0.16,1.38,1.38,8.63,-26.79
3647,179339.87,179568.63,0.00,0.15,1.26,1.26,8.40,-26.77
3652,179568.63,179797.39,0.00,0.17,1.24,1.24,7.29,-27.01
3657,179797.39,180026.14,0.00,0.16,1.20,1.20,7.50,-26.87
3662,180026.14,180254.90,0.00,0.16,1.47,1.47,9.19,-27.16
3667,180254.90,180483.66,0.00,0.14,1.27,1.27,9.07,-27.10
3672,180483.66,180712.42,0.00,0.14,1.32,1.32,9.43,-26.96
3677,180712.42,180941.18,0.00,0.14,1.32,1.32,9.43,-27.18
3682,180941.18,181169.93,0.00,0.07,0.38,0.38,5.43,-26.50
3687,181169.93,181398.69,0.00,0.18,2.30,2.30,12.78,-27.35
3692,181398.69,181627.45,0.00,0.13,1.32,1.32,10.15,-26.73
3697,181627.45,181856.21,0.00,0.17,2.05,2.05,12.06,-27.56
3702,181856.21,182084.97,0.00,0.11,1.28,1.28,11.64,-26.62
3707,182084.97,182542.48,0.00,0.10,1.14,1.14,11.40,-26.79
3717,182542.48,182771.24,0.00,0.09,1.01,1.01,11.22,-26.63
3722,182771.24,183000.00,0.00,0.10,1.06,1.06,10.60,-26.82
3727,183000.00,183219.78,0.00,0.10,1.10,1.10,11.00,-26.63
3732,183219.78,183439.56,0.00,0.09,1.02,1.02,11.33,-26.60
3737,183439.56,183659.34,0.00,0.11,1.26,1.26,11.45,-26.73
3742,183659.34,183879.12,0.00,0.11,1.19,1.19,10.82,-26.40
3747,183879.12,184098.90,0.00,0.10,1.22,1.22,12.20,-26.50
3752,184098.90,184318.68,0.00,0.09,1.09,1.09,12.11,-26.63
3757,184318.68,184538.46,0.00,0.09,1.44,1.44,16.00,-26.58
3762,184538.46,186296.70,0.00,0.09,1.27,1.27,14.11,-26.58
3802,186296.70,186516.48,0.00,0.17,0.97,0.97,5.71,-26.64
3807,186516.48,186736.26,0.00,0.15,1.29,1.29,8.60,-26.22
3812,186736.26,186956.04,0.00,0.13,1.02,1.02,7.85,-26.25
3817,186956.04,187175.82,0.19,0.14,1.41,1.22,8.71,-26.37
3822,187175.82,187395.60,0.00,0.15,0.98,0.98,6.53,-26.31
3827,187395.60,187615.38,0.00,0.17,0.85,0.85,5.00,-26.61
3832,187615.38,187835.16,0.00,0.16,0.92,0.92,5.75,-26.65
3837,187835.16,188054.95,0.00,0.19,1.15,1.15,6.05,-26.82
3842,188054.95,188274.73,0.00,0.19,1.51,1.51,7.95,-26.57
3847,188274.73,188494.51,0.00,0.20,1.24,1.24,6.20,-26.90
3852,188494.51,188714.29,0.00,0.21,1.32,1.32,6.29,-27.05
3857,188714.29,188934.07,0.00,0.21,1.44,1.44,6.86,-26.89
3862,188934.07,189153.85,0.00,0.20,1.43,1.43,7.15,-26.81
3867,189153.85,189373.63,0.00,0.18,1.77,1.77,9.83,-26.75
3872,189373.63,189593.41,0.00,0.19,1.63,1.63,8.58,-26.32
3877,189593.41,189813.19,0.00,0.17,1.54,1.54,9.06,-26.18
3882,189813.19,190032.97,0.00,0.17,1.54,1.54,9.06,-26.07
3887,190032.97,190252.75,0.00,0.16,1.49,1.49,9.31,-26.20
3892,190252.75,190472.53,0.00,0.16,1.47,1.47,9.19,-26.35
3897,190472.53,190692.31,0.00,0.13,0.75,0.75,5.77,-27.38
3902,190692.31,190912.09,0.00,0.16,1.29,1.29,8.06,-27.40
3907,190912.09,191131.87,0.00,0.10,0.47,0.47,4.70,-26.48
3912,191131.87,191351.65,0.00,0.10,0.56,0.56,5.60,-26.19
3917,191351.65,191791.21,0.00,0.08,0.39,0.39,4.88,-25.92
3927,191791.21,192010.99,0.00,0.13,1.29,1.29,9.92,-26.65
3932,192010.99,192230.77,0.00,0.12,1.22,1.22,10.17,-26.98
3937,192230.77,192450.55,0.00,0.13,1.28,1.28,9.85,-26.65
3942,192450.55,192670.33,0.00,0.12,1.30,1.30,10.83,-26.55
3947,192670.33,192890.11,0.00,0.12,1.21,1.21,10.08,-26.90
3952,192890.11,193109.89,0.00,0.13,1.42,1.42,10.92,-27.01
3957,193109.89,193329.67,0.00,0.24,3.58,3.58,14.92,-27.62
3962,193329.67,193549.45,0.00,0.12,1.21,1.21,10.08,-26.41
3967,193549.45,193769.23,0.00,0.13,1.24,1.24,9.54,-26.79
3972,193769.23,193989.01,0.00,0.12,1.24,1.24,10.33,-26.65
3977,193989.01,194208.79,0.00,0.13,1.24,1.24,9.54,-26.79
3982,194208.79,194428.57,0.00,0.13,1.31,1.31,10.08,-26.79
3987,194428.57,194648.35,0.00,0.12,1.20,1.20,10.00,-26.79
3992,194648.35,194868.13,0.00,0.11,1.16,1.16,10.55,-26.81
3997,194868.13,195087.91,0.00,0.15,2.04,2.04,13.60,-27.41
4002,195087.91,195307.69,0.00,0.09,0.88,0.88,9.78,-26.99
4007,195307.69,195527.47,0.00,0.09,0.89,0.89,9.89,-27.01
4012,195527.47,195747.25,0.00,0.12,1.47,1.47,12.25,-27.09
4017,195747.25,195967.03,0.00,0.15,1.79,1.79,11.93,-27.23
4022,195967.03,196186.81,0.00,0.07,0.71,0.71,10.14,-27.55
4027,196186.81,196406.59,0.00,0.10,1.30,1.30,13.00,-26.99
4032,196406.59,196626.37,0.00,0.13,1.89,1.89,14.54,-27.03
4037,196626.37,197285.71,0.00,0.16,2.74,2.74,17.13,-27.10
4052,197285.71,197505.49,0.00,0.37,7.21,7.21,19.49,-27.65
4057,197505.49,197945.05,0.00,0.38,6.77,6.77,17.82,-27.58
4067,197945.05,198164.84,0.00,0.11,1.91,1.91,17.36,-27.11
4072,198164.84,198384.62,0.00,0.12,2.16,2.16,18.00,-27.18
4077,198384.62,198604.40,0.00,0.13,2.57,2.57,19.77,-27.15
4082,198604.40,198824.18,0.00,0.13,2.76,2.76,21.23,-27.15
4087,198824.18,199043.96,,,,,,-26.66
4092,199043.96,199263.74,0.00,0.12,2.32,2.32,19.33,-27.01
4097,199263.74,199483.52,0.00,0.12,2.11,2.11,17.58,-27.05
4102,199483.52,199703.30,0.00,0.13,2.14,2.14,16.46,-27.10
4107,199703.30,199923.08,0.00,0.13,2.18,2.18,16.77,-27.08
4112,199923.08,200142.86,0.00,0.15,2.04,2.04,13.60,-26.89
4117,200142.86,200362.64,0.00,0.14,1.78,1.78,12.71,-27.09
4122,200362.64,200582.42,0.00,0.14,1.70,1.70,12.14,-27.01
4127,200582.42,200802.20,0.00,0.14,1.73,1.73,12.36,-27.25
4132,200802.20,201021.98,0.00,0.13,1.79,1.79,13.77,-26.97
4137,201021.98,201241.76,0.13,0.15,1.19,1.06,7.07,-26.64
4142,201241.76,201461.54,0.00,0.16,1.01,1.01,6.31,-26.96
4147,201461.54,201681.32,0.00,0.16,0.77,0.77,4.81,-26.95
4152,201681.32,201901.10,0.00,0.15,0.85,0.85,5.67,-26.74
4157,201901.10,202560.44,0.00,0.16,0.93,0.93,5.81,-27.42
4172,202560.44,202780.22,0.00,0.39,7.27,7.27,18.64,-27.17
4177,202780.22,203000.00,0.00,0.29,4.87,4.87,16.79,-29.17
4182,203000.00,203222.22,0.00,0.27,3.96,3.96,14.67,-28.86
4187,203222.22,203444.44,0.00,0.28,4.55,4.55,16.25,-29.00
4192,203444.44,203666.67,0.00,0.28,4.36,4.36,15.57,-28.11
4197,203666.67,203888.89,0.00,0.37,6.88,6.88,18.59,-28.33
4202,203888.89,204111.11,0.00,0.32,4.91,4.91,15.34,-28.19
4207,204111.11,204333.33,0.00,0.31,4.83,4.83,15.58,-27.85
4212,204333.33,204555.56,0.00,0.23,3.06,3.06,13.30,-28.27
4217,204555.56,204777.78,0.00,0.27,4.04,4.04,14.96,-27.79
4222,204777.78,205000.00,0.00,0.27,4.22,4.22,15.63,-28.83
4227,205000.00,205222.22,0.00,0.24,3.03,3.03,12.63,-28.39
4232,205222.22,205444.44,0.00,0.22,2.72,2.72,12.36,-28.58
4237,205444.44,205666.67,0.00,0.24,2.92,2.92,12.17,-28.42
4242,205666.67,205888.89,0.00,0.42,7.38,7.38,17.57,-27.98
4247,205888.89,206111.11,0.00,0.68,13.28,13.28,19.53,-28.29
4252,206111.11,206333.33,0.00,1.03,23.29,23.29,22.61,-27.37
4257,206333.33,208777.78,0.00,0.83,17.94,17.94,21.61,-27.25
4312,208777.78,209000.00,0.00,0.32,6.65,6.65,20.78,-27.86
4317,209000.00,209222.22,0.00,0.44,10.64,10.64,24.18,-27.85
4322,209222.22,209444.44,0.00,0.33,7.82,7.82,23.70,-27.79
4327,209444.44,209666.67,0.00,0.58,13.74,13.74,23.69,-27.99
4332,209666.67,209888.89,0.00,0.65,14.54,14.54,22.37,-28.00
4337,209888.89,210111.11,0.00,0.52,9.21,9.21,17.71,-28.80
4342,210111.11,210333.33,0.00,0.32,3.92,3.92,12.25,-28.17
4347,210333.33,210555.56,0.00,0.32,3.92,3.92,12.25,-27.83
4352,210555.56,210777.78,0.00,0.32,3.84,3.84,12.00,-27.80
4357,210777.78,211000.00,0.00,0.29,2.88,2.88,9.93,-28.17
4362,211000.00,211222.22,0.00,0.29,3.13,3.13,10.79,-28.06
4367,211222.22,211444.44,0.00,0.25,2.39,2.39,9.56,-27.81
4372,211444.44,211666.67,0.00,0.28,3.10,3.10,11.07,-28.20
4377,211666.67,211888.89,0.00,0.22,1.98,1.98,9.00,-27.90
4382,211888.89,212111.11,0.00,0.22,2.03,2.03,9.23,-27.80
4387,212111.11,212333.33,0.00,0.24,2.23,2.23,9.29,-27.67
4392,212333.33,212555.56,0.00,0.20,1.26,1.26,6.30,-27.72
4397,212555.56,212777.78,0.00,0.19,1.05,1.05,5.53,-26.93
4402,212777.78,213000.00,0.00,0.13,1.29,1.29,9.92,-26.56
4407,213000.00,213222.22,0.00,0.14,1.41,1.41,10.07,-26.97
4412,213222.22,213444.44,0.00,0.41,7.17,7.17,17.49,-28.02
4417,213444.44,213666.67,0.00,0.45,8.78,8.78,19.51,-27.55
4422,213666.67,213888.89,0.00,0.27,3.93,3.93,14.56,-28.13
4427,213888.89,214111.11,0.00,0.22,2.26,2.26,10.27,-27.76
4432,214111.11,214333.33,0.00,0.22,1.74,1.74,7.91,-27.91
4437,214333.33,214555.56,0.00,0.23,1.63,1.63,7.09,-27.88
4442,214555.56,214777.78,0.00,0.23,1.45,1.45,6.30,-28.10
4447,214777.78,215000.00,0.00,0.20,1.04,1.04,5.20,-27.32
4452,215000.00,215222.22,0.00,0.21,1.06,1.06,5.05,-27.19
4457,215222.22,215444.44,0.00,0.23,1.40,1.40,6.09,-27.55
4462,215444.44,215666.67,0.00,0.25,1.79,1.79,7.16,-27.94
4467,215666.67,215888.89,0.00,0.25,1.96,1.96,7.84,-28.19
4472,215888.89,216111.11,0.00,0.28,2.39,2.39,8.54,-28.28
4477,216111.11,216333.33,0.00,0.27,2.25,2.25,8.33,-28.40
4482,216333.33,216555.56,0.00,0.28,2.52,2.52,9.00,-28.23
4487,216555.56,216777.78,0.00,0.29,2.82,2.82,9.72,-28.38
4492,216777.78,217000.00,0.00,0.31,3.15,3.15,10.16,-28.55
4497,217000.00,217222.22,0.00,0.32,4.26,4.26,13.31,-28.55
4502,217222.22,217444.44,0.00,0.34,4.84,4.84,14.24,-28.44
4507,217444.44,217666.67,0.00,0.34,4.61,4.61,13.56,-28.41
4512,217666.67,217888.89,0.00,0.32,4.12,4.12,12.88,-27.96
4517,217888.89,218111.11,0.00,0.29,3.27,3.27,11.28,-27.83
4522,218111.11,218333.33,0.00,0.16,1.18,1.18,7.38,-26.68
4527,218333.33,218555.56,0.00,0.18,1.41,1.41,7.83,-26.57
4532,218555.56,218777.78,0.19,0.17,1.26,1.07,6.29,-26.70
4537,218777.78,219000.00,0.00,0.19,1.45,1.45,7.63,-26.73
4542,219000.00,219222.22,0.00,0.17,1.11,1.11,6.53,-26.72
4547,219222.22,219444.44,0.00,0.14,1.29,1.29,9.21,-26.56
4552,219444.44,219666.67,0.00,0.14,1.32,1.32,9.43,-26.55
4557,219666.67,219888.89,0.00,0.16,1.62,1.62,10.13,-26.70
4562,219888.89,220111.11,0.00,0.09,1.35,1.35,15.00,-25.89
4567,220111.11,220333.33,0.00,0.13,2.61,2.61,20.08,-26.48
4572,220333.33,220555.56,0.39,0.13,1.86,1.47,11.31,-26.44
4577,220555.56,220777.78,0.11,0.15,1.90,1.79,11.93,-26.73
4582,220777.78,221000.00,0.00,0.16,2.18,2.18,13.63,-26.72
4587,221000.00,221222.22,0.00,0.15,2.58,2.58,17.20,-26.64
4592,221222.22,221444.44,0.00,0.14,1.62,1.62,11.57,-26.83
4597,221444.44,221666.67,0.00,0.13,1.37,1.37,10.54,-26.78
4602,221666.67,221888.89,0.00,0.15,1.88,1.88,12.53,-26.86
4607,221888.89,222111.11,0.00,0.17,1.68,1.68,9.88,-26.81
4612,222111.11,222333.33,0.00,0.24,2.15,2.15,8.96,-27.24
4617,222333.33,222555.56,0.00,0.23,1.33,1.33,5.78,-27.92
4622,222555.56,222777.78,0.00,0.25,1.71,1.71,6.84,-28.03
4627,222777.78,223000.00,0.00,0.27,2.07,2.07,7.67,-28.14
4632,223000.00,223223.21,0.00,0.28,2.82,2.82,10.07,-28.28
4637,223223.21,223669.64,0.00,0.30,3.58,3.58,11.93,-28.30
4647,223669.64,223892.86,0.00,0.16,1.24,1.24,7.75,-26.61
4652,223892.86,224116.07,0.00,0.17,1.03,1.03,6.06,-27.09
4657,224116.07,224339.29,0.00,0.16,1.09,1.09,6.81,-26.87
4662,224339.29,224562.50,0.00,0.17,1.33,1.33,7.82,-26.79
4667,224562.50,224785.71,0.00,0.18,1.17,1.17,6.50,-27.24
4672,224785.71,225008.93,0.00,0.20,1.39,1.39,6.95,-26.77
4677,225008.93,225232.14,0.00,0.18,1.21,1.21,6.72,-26.97
4682,225232.14,225455.36,0.00,0.16,1.14,1.14,7.13,-26.64
4687,225455.36,225678.57,0.00,0.15,0.87,0.87,5.80,-26.70
4692,225678.57,225901.79,0.00,0.14,0.86,0.86,6.14,-26.58
4697,225901.79,226125.00,0.00,0.15,0.99,0.99,6.60,-26.43
4702,226125.00,226348.21,0.00,0.16,1.13,1.13,7.06,-26.42
4707,226348.21,226571.43,0.00,0.15,1.12,1.12,7.47,-26.46
4712,226571.43,226794.64,0.00,0.13,1.09,1.09,8.38,-26.59
4717,226794.64,227017.86,0.00,0.12,0.95,0.95,7.92,-26.59
4722,227017.86,227241.07,0.00,0.13,1.11,1.11,8.54,-25.97
4727,227241.07,227464.29,0.00,0.15,1.50,1.50,10.00,-26.39
4732,227464.29,227687.50,,,,,,-25.35
4737,227687.50,228133.93,0.00,0.12,1.68,1.68,14.00,-26.47
4747,228133.93,228357.14,0.00,0.15,1.86,1.86,12.40,-26.49
4752,228357.14,229696.43,0.00,0.17,1.52,1.52,8.94,-26.63
4782,229696.43,229919.64,0.00,0.16,1.53,1.53,9.56,-26.72
4787,229919.64,230142.86,0.00,0.15,1.60,1.60,10.67,-26.69
4792,230142.86,230366.07,0.00,0.16,1.96,1.96,12.25,-26.72
4797,230366.07,230589.29,0.00,0.17,1.85,1.85,10.88,-26.99
4802,230589.29,230812.50,0.00,0.19,1.81,1.81,9.53,-26.74
4807,230812.50,231035.71,0.00,0.23,1.97,1.97,8.57,-27.04
4812,231035.71,231258.93,0.00,0.28,2.88,2.88,10.29,-27.42
4817,231258.93,231482.14,0.00,0.31,4.67,4.67,15.06,-27.56
4822,231482.14,231705.36,0.00,0.26,4.13,4.13,15.88,-27.64
4827,231705.36,231928.57,0.00,0.29,4.80,4.80,16.55,-27.73
4832,231928.57,232151.79,0.00,0.45,8.09,8.09,17.98,-27.91
4837,232151.79,232375.00,0.00,0.47,7.99,7.99,17.00,-27.69
4842,232375.00,232598.21,0.00,0.43,5.38,5.38,12.51,-28.42
4847,232598.21,232821.43,0.00,0.44,6.54,6.54,14.86,-28.45
4852,232821.43,233044.64,0.00,0.46,7.40,7.40,16.09,-28.36
4857,233044.64,233267.86,0.00,0.49,8.44,8.44,17.22,-28.25
4862,233267.86,233491.07,0.00,0.58,11.84,11.84,20.41,-28.09
4867,233491.07,234160.71,0.00,0.55,9.57,9.57,17.40,-27.95
4882,234160.71,234383.93,0.00,0.38,5.69,5.69,14.97,-28.35
4887,234383.93,234607.14,0.00,0.37,4.96,4.96,13.41,-28.33
4892,234607.14,234830.36,0.00,0.34,4.48,4.48,13.18,-28.32
4897,234830.36,235053.57,0.00,0.27,2.77,2.77,10.26,-28.28
4902,235053.57,235276.79,0.00,0.23,1.94,1.94,8.43,-27.79
4907,235276.79,235500.00,0.00,0.27,2.24,2.24,8.30,-28.36
4912,235500.00,235723.21,0.00,0.29,2.91,2.91,10.03,-28.65
4917,235723.21,235946.43,0.00,0.30,3.13,3.13,10.43,-28.78
4922,235946.43,236169.64,0.00,0.24,1.79,1.79,7.46,-28.37
4927,236169.64,236392.86,0.00,0.22,1.58,1.58,7.18,-27.86
4932,236392.86,236616.07,0.00,0.22,1.60,1.60,7.27,-28.13
4937,236616.07,236839.29,0.00,0.22,1.55,1.55,7.05,-28.14
4942,236839.29,237062.50,0.00,0.23,2.02,2.02,8.78,-28.01
4947,237062.50,237285.71,0.00,0.22,2.10,2.10,9.55,-28.11
4952,237285.71,237508.93,0.00,0.11,0.46,0.46,4.18,-26.87
4957,237508.93,237732.14,0.00,0.10,0.42,0.42,4.20,-26.47
4962,237732.14,237955.36,,,,,,-26.86
4967,237955.36,239517.86,0.00,0.14,0.59,0.59,4.21,-26.16
5002,239517.86,239741.07,0.00,0.12,0.52,0.52,4.33,-26.92
5007,239741.07,239964.29,0.00,0.54,10.38,10.38,19.22,-28.14
5012,239964.29,240187.50,0.00,0.47,7.39,7.39,15.72,-28.27
5017,240187.50,240410.71,0.00,0.55,9.36,9.36,17.02,-28.11
5022,240410.71,240633.93,0.00,0.46,6.67,6.67,14.50,-28.22
5027,240633.93,240857.14,0.00,0.38,7.46,7.46,19.63,-27.23
5032,240857.14,241080.36,0.00,0.40,7.55,7.55,18.88,-27.45
5037,241080.36,241303.57,0.00,0.43,7.39,7.39,17.19,-28.08
5042,241303.57,241526.79,,,,,,-28.06
5047,241526.79,241750.00,,,,,,-27.63
5052,241750.00,241973.21,,,,,,-27.77
5057,241973.21,242196.43,,,,,,-27.35
5062,242196.43,242419.64,,,,,,-27.61
5067,242419.64,242642.86,,,,,,-26.88
5072,242642.86,242866.07,,,,,,-26.79
5077,242866.07,243089.69,,,,,,-27.00
5082,243089.69,243313.90,,,,,,-27.45
5087,243313.90,243538.12,,,,,,-27.12
5092,243538.12,244659.19,,,,,,-27.34
5117,244659.19,244883.41,0.00,0.26,2.32,2.32,8.92,-27.30
5122,244883.41,245107.62,0.00,0.25,1.70,1.70,6.80,-27.62
5127,245107.62,245331.84,0.00,0.24,1.57,1.57,6.54,-27.64
5132,245331.84,245556.05,0.00,0.25,1.64,1.64,6.56,-27.60
5137,245556.05,245780.27,0.00,0.20,1.29,1.29,6.45,-27.32
5142,245780.27,246004.48,0.00,0.19,1.07,1.07,5.63,-27.22
5147,246004.48,246228.70,0.00,0.19,1.02,1.02,5.37,-27.16
5152,246228.70,246452.91,0.00,0.21,1.13,1.13,5.38,-27.26
5157,246452.91,246677.13,0.00,0.24,1.27,1.27,5.29,-27.62
5162,246677.13,246901.35,0.00,0.23,1.09,1.09,4.74,-27.69
5167,246901.35,247125.56,0.00,0.24,1.17,1.17,4.88,-27.75
5172,247125.56,247349.78,0.00,0.24,1.34,1.34,5.58,-27.53
5177,247349.78,247573.99,0.00,0.22,1.35,1.35,6.14,-27.13
5182,247573.99,247798.21,0.00,0.22,1.30,1.30,5.91,-27.31
5187,247798.21,248022.42,0.00,0.23,1.42,1.42,6.17,-27.31
5192,248022.42,248246.64,0.00,0.24,1.51,1.51,6.29,-27.71
5197,248246.64,248470.85,0.00,0.25,1.62,1.62,6.48,-28.11
5202,248470.85,250040.36,0.00,0.24,1.54,1.54,6.42,-28.37
5237,250040.36,250264.57,0.00,0.22,2.35,2.35,10.68,-27.72
5242,250264.57,250488.79,0.00,0.19,1.95,1.95,10.26,-26.75
5247,250488.79,250713.00,0.00,0.22,2.31,2.31,10.50,-27.32
5252,250713.00,250937.22,0.00,0.20,1.96,1.96,9.80,-26.47
5257,250937.22,251161.43,0.00,0.21,2.16,2.16,10.29,-26.58
5262,251161.43,251385.65,0.00,0.29,3.52,3.52,12.14,-27.04
5267,251385.65,251609.87,0.00,0.19,1.48,1.48,7.79,-26.62
5272,251609.87,251834.08,0.00,0.25,2.03,2.03,8.12,-26.38
5277,251834.08,252058.30,0.00,0.25,1.98,1.98,7.92,-26.32
5282,252058.30,252282.51,0.00,0.28,2.24,2.24,8.00,-26.39
5287,252282.51,252506.73,0.00,0.28,2.19,2.19,7.82,-26.41
5292,252506.73,252730.94,0.00,0.29,2.24,2.24,7.72,-26.47
5297,252730.94,252955.16,0.00,0.21,1.92,1.92,9.14,-26.09
5302,252955.16,253179.37,0.00,0.21,1.75,1.75,8.33,-25.75
5307,253179.37,253403.59,0.00,0.21,1.43,1.43,6.81,-25.95
5312,253403.59,253627.80,0.00,0.20,1.43,1.43,7.15,-26.21
5317,253627.80,253852.02,0.00,0.20,1.54,1.54,7.70,-27.09
5322,253852.02,254076.23,0.00,0.21,1.66,1.66,7.90,-26.35
5327,254076.23,254300.45,0.00,0.26,2.56,2.56,9.85,-27.39
5332,254300.45,254524.66,0.00,0.17,0.89,0.89,5.24,-27.77
5337,254524.66,254748.88,0.00,0.17,0.97,0.97,5.71,-27.65
5342,254748.88,254973.09,0.00,0.15,0.87,0.87,5.80,-27.60
5347,254973.09,256094.17,0.00,0.13,0.64,0.64,4.92,-26.94
5372,256094.17,256318.39,0.00,0.24,1.96,1.96,8.17,-27.30
5377,256318.39,256542.60,0.00,0.26,2.76,2.76,10.62,-27.83
5382,256542.60,256766.82,0.00,0.25,2.54,2.54,10.16,-28.08
5387,256766.82,256991.03,0.00,0.17,1.21,1.21,7.12,-27.72
5392,256991.03,257215.25,0.00,0.13,0.78,0.78,6.00,-26.96
5397,257215.25,257439.46,0.00,0.12,0.77,0.77,6.42,-26.53
5402,257439.46,257663.68,0.00,0.23,2.33,2.33,10.13,-27.85
5407,257663.68,257887.89,0.00,0.27,2.92,2.92,10.81,-27.56
5412,257887.89,258112.11,0.00,0.27,2.79,2.79,10.33,-28.18
5417,258112.11,258336.32,0.00,0.29,3.22,3.22,11.10,-28.12
5422,258336.32,258560.54,0.00,0.23,1.60,1.60,6.96,-27.71
5427,258560.54,258784.75,0.00,0.27,2.63,2.63,9.74,-28.26
5432,258784.75,259008.97,0.00,0.27,2.25,2.25,8.33,-28.49
5437,259008.97,259233.18,0.00,0.28,2.97,2.97,10.61,-28.13
5442,259233.18,259457.40,0.00,0.13,1.14,1.14,8.77,-26.77
5447,259457.40,259681.61,0.00,0.40,6.20,6.20,15.50,-26.98
5452,259681.61,259905.83,0.00,0.30,3.40,3.40,11.33,-28.08
5457,259905.83,260130.04,0.00,0.28,2.75,2.75,9.82,-28.22
5462,260130.04,260354.26,0.00,0.10,0.61,0.61,6.10,-26.85
5467,260354.26,260578.48,0.00,0.11,0.79,0.79,7.18,-26.81
5472,260578.48,261475.34,0.00,0.15,1.41,1.41,9.40,-26.25
5492,261475.34,261699.55,0.00,0.14,1.18,1.18,8.43,-26.09
5497,261699.55,261923.77,0.00,0.15,1.21,1.21,8.07,-26.49
5502,261923.77,262147.98,0.00,0.16,1.34,1.34,8.38,-26.64
5507,262147.98,262372.20,0.00,0.16,1.29,1.29,8.06,-25.82
5512,262372.20,262596.41,0.00,0.22,1.60,1.60,7.27,-26.41
5517,262596.41,262820.63,0.00,0.35,4.80,4.80,13.71,-27.35
5522,262820.63,263068.40,0.00,0.49,9.42,9.42,19.22,-27.24
5527,263068.40,263410.42,0.00,0.40,6.88,6.88,17.20,-28.01
5532,263410.42,263752.44,0.00,0.38,6.02,6.02,15.84,-27.93
5537,263752.44,264094.46,0.00,0.36,5.67,5.67,15.75,-27.52
5542,264094.46,264436.48,0.00,0.27,3.12,3.12,11.56,-27.92
5547,264436.48,264778.50,0.00,0.23,2.51,2.51,10.91,-27.73
5552,264778.50,265120.52,0.00,0.20,1.86,1.86,9.30,-27.46
5557,265120.52,265462.54,0.00,0.20,1.84,1.84,9.20,-27.39
5562,265462.54,265804.56,0.00,0.21,2.03,2.03,9.67,-27.60
5567,265804.56,266146.58,0.00,0.19,1.59,1.59,8.37,-27.08
5572,266146.58,266488.60,0.00,0.19,1.58,1.58,8.32,-27.07
5577,266488.60,267172.64,0.00,0.18,1.50,1.50,8.33,-27.14
5587,267172.64,267514.66,0.00,,,,,-25.49
5592,267514.66,267856.68,0.00,0.12,0.80,0.80,6.67,-25.45
5597,267856.68,269908.79,0.00,0.10,0.60,0.60,6.00,-25.64
5627,269908.79,270250.81,0.00,0.12,0.83,0.83,6.92,-26.24
5632,270250.81,270592.83,0.00,0.14,0.90,0.90,6.43,-26.38
5637,270592.83,270934.85,0.00,0.11,0.80,0.80,7.27,-26.06
5642,270934.85,271276.87,0.00,0.18,0.97,0.97,5.39,-26.79
5647,271276.87,271618.89,0.00,0.17,1.04,1.04,6.12,-26.82
5652,271618.89,271960.91,0.00,0.18,1.11,1.11,6.17,-26.66
5657,271960.91,272302.93,0.00,0.17,1.00,1.00,5.88,-26.59
5662,272302.93,272644.95,0.00,0.18,1.21,1.21,6.72,-26.83
5667,272644.95,272986.97,0.00,0.28,2.57,2.57,9.18,-27.54
5672,272986.97,273328.99,0.00,0.49,9.26,9.26,18.90,-27.11
5677,273328.99,273671.01,0.00,0.40,7.40,7.40,18.50,-26.89
5682,273671.01,274013.03,0.00,0.36,6.13,6.13,17.03,-26.63
5687,274013.03,274355.05,0.00,0.24,2.88,2.88,12.00,-26.79
5692,274355.05,274697.07,0.00,0.21,1.94,1.94,9.24,-26.45
5697,274697.07,275039.09,0.00,0.19,1.36,1.36,7.16,-26.59
5702,275039.09,275381.11,0.00,0.16,1.15,1.15,7.19,-26.22
5707,275381.11,275723.13,0.00,0.15,1.10,1.10,7.33,-26.21
5712,275723.13,276065.15,0.00,0.13,0.72,0.72,5.54,-26.05
5717,276065.15,277433.22,0.00,0.13,0.71,0.71,5.46,-26.12
5737,277433.22,277775.24,0.00,0.15,0.99,0.99,6.60,-25.82
5742,277775.24,278117.26,0.00,0.16,0.65,0.65,4.06,-25.71
5747,278117.26,278459.28,0.00,0.18,0.73,0.73,4.06,-25.91
5752,278459.28,279143.32,0.00,0.18,0.81,0.81,4.50,-25.82
5762,279143.32,279485.34,0.00,0.17,1.09,1.09,6.41,-25.77
5767,279485.34,279827.36,0.00,0.15,1.11,1.11,7.40,-25.71
5772,279827.36,280169.38,0.00,0.17,0.97,0.97,5.71,-25.85
5777,280169.38,280511.40,0.00,0.16,0.79,0.79,4.94,-25.86
5782,280511.40,280853.42,0.00,0.18,0.93,0.93,5.17,-26.23
5787,280853.42,281195.44,0.00,0.20,0.97,0.97,4.85,-26.25
5792,281195.44,281537.46,0.00,0.18,0.89,0.89,4.94,-26.40
5797,281537.46,281879.48,0.00,0.18,1.00,1.00,5.56,-26.28
5802,281879.48,282221.50,0.00,0.20,1.22,1.22,6.10,-26.87
5807,282221.50,282563.52,0.00,,,,,-28.26
5812,282563.52,282905.54,0.00,0.30,2.50,2.50,8.33,-28.31
5817,282905.54,283247.56,0.00,0.33,3.05,3.05,9.24,-27.97
5822,283247.56,283589.58,0.00,0.45,6.66,6.66,14.80,-27.71
5827,283589.58,,0.00,0.58,9.98,9.98,17.21,-27.87