Age[ka];Depth[mm];d18O[permil ‰]
12.07;0,00;-4.55
12.11;0.4;-3.51
12.16;0.8;-4.04
12.2;1.2;-4.67
12.25;1.6;-4.96
12.29;2,00;-5.38
12.34;2.4;-5.06
12.38;2.8;-5.32
12.43;3.2;-5.39
12.52;4,00;-5.3
12.56;4.4;-5.17
12.61;4.8;-5.31
12.65;5.2;-5.54
12.7;5.6;-5.44
12.74;6,00;-5.68
12.79;6.4;-6.16
12.83;6.8;-6.53
12.88;7.2;-6.38
12.92;7.6;-6.86
12.97;8,00;-7.03
13.01;8.4;-7.22
13.06;8.8;-6.36
13.1;9.2;-6.18
13.15;9.6;-6.13
13.19;10,00;-6.49
13.24;10.4;-6.31
13.28;10.8;-6.22
13.33;11.2;-6.1
13.37;11.6;-5.92
13.42;12,00;-6.36
13.46;12.4;-6.31
13.51;12.8;-6.09
13.55;13.2;-6.07
13.6;13.6;-6.19
13.64;14,00;-6.05
13.69;14.4;-6,00
13.73;14.8;-6,00
13.78;15.2;-5.98
13.82;15.6;-6.15
13.87;16,00;-5.98
13.91;16.4;-6.03
13.96;16.8;-6.09
14,00;17.2;-6.2
14.05;17.6;-6.16
14.1;18,00;-5.79
14.14;18.4;-5.59
14.19;18.8;-5.75
14.23;19.2;-5.65
14.28;19.6;-5.54
14.32;20,00;-5.74
14.37;20.4;-5.48
14.41;20.8;-6.12
14.46;21.2;-5.63
14.5;21.6;-5.87
14.55;22,00;-5.02
14.59;22.4;-5.05
14.64;22.8;-4.9
14.68;23.2;-4.14
14.73;23.6;-4.36
14.77;24,00;-3.78
14.82;24.4;-3.27
14.86;24.8;-3.34
14.91;25.2;-4.14
14.95;25.6;-4.29
15,00;26,00;-4.1
15.04;26.4;-4.34
15.09;26.8;-4.5
15.13;27.2;-4.47
15.18;27.6;-4.35
15.22;28,00;-4.26
15.27;28.4;-3.76
15.31;28.8;-3.82
15.36;29.2;-3.14
15.4;29.6;-2.42
15.45;30,00;-2.45
15.49;30.4;-2.17
15.54;30.8;-2.07
15.58;31.2;-2.18
15.63;31.6;-2.18
15.67;32,00;-1.38
15.72;32.4;-1.44
15.76;32.8;-1.59
15.81;33.2;-1.58
15.85;33.6;-1.99
15.9;34,00;-2.76
15.94;34.4;-2.83
15.99;34.8;-4.12
16.03;35.2;-4.43
16.08;35.6;-4.69
16.13;36,00;-4.66
16.17;36.4;-5.25
16.22;36.8;-5.21
16.26;37.2;-5.34
16.31;37.6;-5.34
16.35;38,00;-5.97
16.4;38.4;-5.48
16.44;38.8;-5.34
16.49;39.2;-5.52
16.53;39.6;-4.87
16.58;40,00;-4.29
16.62;40.4;-4.91
16.67;40.8;-5.26
16.71;41.2;-5.42
16.76;41.6;-5.73
16.8;42,00;-5.18
16.85;42.4;-5.22
16.89;42.8;-5.57
16.94;43.2;-5.3
16.98;43.6;-5.78
17.03;44,00;-6.53
17.07;44.4;-6.37
17.12;44.8;-6.85
17.16;45.2;-6.59
17.21;45.6;-5.41
17.25;46,00;-6.29
17.3;46.4;-6.5
17.34;46.8;-6.73
17.39;47.2;-7.06
17.43;47.6;-7.41
17.48;48,00;-6.93
17.52;48.4;-7.41
17.57;48.8;-7.52
17.61;49.2;-7.38
17.66;49.6;-7.2
17.7;50,00;-7.08
17.75;50.4;-7.01
17.79;50.8;-6.67
17.84;51.2;-6.62
17.88;51.6;-6.37
17.93;52,00;-6.66
17.97;52.4;-6.82
18.01;52.8;-6.76
18.05;53.2;-6.64
18.09;53.6;-6.63
18.13;54,00;-6.7
18.17;54.4;-7.14
18.21;54.8;-7.16
18.25;55.2;-7.04
18.28;55.6;-6.96
18.32;56,00;-6.88
18.36;56.4;-6.92
18.4;56.8;-6.85
18.44;57.2;-6.4
18.48;57.6;-6.74
18.52;58,00;-6.74
18.56;58.4;-6.89
18.59;58.8;-6.79
18.63;59.2;-6.92
18.67;59.6;-7.02
18.71;60,00;-6.88
18.75;60.4;-7.04
18.79;60.8;-7.29
18.83;61.2;-7.23
18.87;61.6;-7.4
18.9;62,00;-7.72
18.94;62.4;-7.37
18.98;62.8;-7.39
19.02;63.2;-7.16
19.06;63.6;-7.09
19.1;64,00;-6.71
19.14;64.4;-6.75
19.18;64.8;-7,00
19.21;65.2;-6.65
19.25;65.6;-7.06
19.29;66,00;-7.1
19.33;66.4;-7.05
19.37;66.8;-6.92
19.41;67.2;-7.79
19.45;67.6;-6.76
19.49;68,00;-6.89
19.52;68.4;-7.31
19.56;68.8;-7.51
19.6;69.2;-7.71
19.64;69.6;-6.95
19.68;70,00;-6.74
19.72;70.4;-6.49
19.76;70.8;-7.38
19.87;72,00;-6.8
19.91;72.4;-7.31
19.95;72.8;-7.62
19.99;73.2;-7.79
20.03;73.6;-7.82
20.07;74,00;-7.18
20.11;74.4;-7.73
20.14;74.8;-7.91
20.18;75.2;-8.12
20.22;75.6;-8.32
20.26;76,00;-8.44
20.3;76.4;-8.12
20.34;76.8;-7.63
20.38;77.2;-8.08
20.41;77.6;-8.14
20.45;78,00;-8.42
20.49;78.4;-8.52
20.53;78.8;-7.36
20.57;79.2;-7.38
20.61;79.6;-7.57
20.65;80,00;-7.29
20.69;80.4;-8.27
20.72;80.8;-8.13
20.76;81.21;-8.36
20.77;81.6;-8.29
20.78;82,00;-8.22
20.79;82.4;-7.73
20.79;82.8;-8.18
20.8;83.2;-8.19
20.81;83.6;-8.03
20.82;84,00;-8.55
20.82;84.4;-8.87
20.83;84.8;-8.91
20.84;85.2;-8.57
20.85;85.6;-8.74
20.86;86,00;-8.68
20.86;86.4;-8.55
20.87;86.8;-8.54
20.88;87.2;-8.58
20.89;87.6;-8.74
20.89;88,00;-8.68
20.9;88.4;-8.73
20.91;88.8;-8.8
20.92;89.2;-8.9
20.92;89.6;-8.77
20.93;90,00;-8.9
20.94;90.4;-8.75
20.95;90.8;-8.78
20.95;91.2;-8.96
20.96;91.6;-8.52
20.97;92,00;-7.79
20.98;92.4;-7.81
20.99;92.8;-8.09
20.99;93.2;-8.1
21,00;93.6;-8.18
21.01;94,00;-8.34
21.02;94.4;-8.31
21.02;94.8;-8.92
21.03;95.2;-8.45
21.04;95.6;-8.13
21.05;96,00;-8.44
21.05;96.4;-8.54
21.06;96.8;-8.68
21.07;97.2;-8.95
21.08;97.6;-8.94
21.09;98,00;-9.06
21.09;98.4;-8.88
21.1;98.8;-8.67
21.11;99.2;-8.81
21.12;99.6;-8.85
21.12;100,00;-8.55
21.13;100.4;-8.67
21.14;100.79;-8.5
21.15;101.2;-8.73
21.16;101.6;-8.71
21.18;102,00;-8.96
21.19;102.4;-9.16
21.2;102.8;-8.87
21.22;103.2;-8.77
21.23;103.6;-8.72
21.24;104,00;-8.88
21.26;104.4;-8.57
21.27;104.8;-8.64
21.28;105.2;-8.15
21.3;105.6;-8.35
21.31;106,00;-8.6
21.32;106.4;-8.94
21.34;106.8;-8.96
21.35;107.2;-8.74
21.36;107.6;-8.72
21.38;108,00;-8.46
21.39;108.4;-8.79
21.4;108.8;-8.58
21.41;109.2;-8.96
21.43;109.6;-9.17
21.44;110,00;-9.19
21.45;110.4;-9.22
21.47;110.8;-9.18
21.48;111.2;-9.24
21.49;111.6;-9.26
21.51;112,00;-9.36
21.52;112.4;-9.2
21.53;112.8;-9.23
21.55;113.2;-9.1
21.56;113.6;-9.16
21.57;114,00;-9.17
21.59;114.4;-9.29
21.6;114.8;-9.01
21.61;115.2;-8.76
21.62;115.6;-8.94
21.63;116,00;-9.14
21.64;116.4;-9.13
21.65;116.8;-9.15
21.66;117.2;-9.07
21.67;117.6;-8.98
21.68;118,00;-8.79
21.69;118.4;-8.86
21.71;118.8;-8.86
21.72;119.2;-8.98
21.73;119.6;-8.99
21.75;120.4;-8.73
21.76;120.8;-8.57
21.77;121.2;-8.51
21.78;121.6;-8.31
21.79;122,00;-8.52
21.8;122.4;-8.7
21.81;122.8;-8.61
21.83;123.2;-8.85
21.84;123.6;-9.21
21.85;124,00;-9.3
21.86;124.4;-9.2
21.87;124.8;-9.23
21.88;125.2;-9.23
21.89;125.6;-9.31
21.9;126,00;-9.41
21.91;126.4;-9.44
21.92;126.8;-9.45
21.93;127.2;-9.49
21.95;127.6;-9.61
21.96;128,00;-9.51
21.97;128.4;-9.41
21.98;128.8;-9.31
21.99;129.2;-9.36
22.01;129.6;-9.22
22.02;130,00;-9.53
22.03;130.4;-9.62
22.05;130.8;-9.58
22.06;131.2;-9.53
22.07;131.6;-9.55
22.1;132.4;-8.61
22.11;132.8;-9.22
22.12;133.2;-9.1
22.14;133.6;-9.5
22.15;134,00;-9.61
22.16;134.4;-9.56
22.18;134.8;-9.6
22.19;135.2;-9.7
22.2;135.6;-9.6
22.22;136,00;-9.58
22.23;136.4;-9.6
22.24;136.8;-9.51
22.26;137.2;-9.66
22.27;137.6;-9.66
22.28;138,00;-9.67
22.3;138.4;-9.64
22.31;138.8;-9.57
22.32;139.2;-9.67
22.33;139.6;-9.48
22.35;140,00;-9.6
22.36;140.4;-9.63
22.37;140.8;-9.58
22.39;141.2;-9.67
22.4;141.6;-9.54
22.41;142,00;-9.32
22.43;142.4;-9.26
22.44;142.8;-8.96
22.45;143.2;-8.96
22.47;143.6;-8.99
22.48;144,00;-9.11
22.49;144.44;-9.02
22.49;144.8;-9.05
22.49;145.2;-9.03
22.5;145.6;-9.04
22.5;146,00;-9.2
22.5;146.4;-9.16
22.5;146.8;-9.11
22.5;147.2;-9.19
22.5;147.6;-9.13
22.5;148,00;-9.16
22.5;148.4;-9.27
22.51;148.8;-9.17
22.51;149.2;-9.18
22.51;149.6;-9.04
22.51;150,00;-9.07
22.51;150.4;-9.25
22.51;150.8;-9.24
22.51;151.2;-9.17
22.52;151.6;-9.11
22.52;152,00;-9.12
22.52;152.4;-9.01
22.52;152.8;-9.03
22.52;153.2;-8.91
22.52;153.6;-9.12
22.52;154,00;-9.19
22.52;154.4;-9.17
22.53;154.8;-9.08
22.53;155.2;-9.05
22.53;155.6;-9.17
22.53;156,00;-9.18
22.53;156.4;-9.26
22.53;156.8;-9.39
22.53;157.2;-9.24
22.53;157.6;-9.26
22.54;158.4;-9.37
22.54;158.8;-9.37
22.54;159.2;-9.35
22.54;159.6;-9.59
22.54;160,00;-9.57
22.54;160.4;-9.48
22.54;160.8;-9.34
22.55;161.2;-9.31
22.55;161.6;-9.29
22.55;162,00;-9.46
22.55;162.4;-9.63
22.55;162.8;-9.35
22.55;163.2;-9.24
22.55;163.6;-9.33
22.55;164,00;-9.44
22.56;164.4;-9.31
22.56;164.8;-9.41
22.56;165.2;-9.31
22.56;165.6;-9.29
22.56;166,00;-9.48
22.56;166.4;-9.2
22.56;166.8;-9.14
22.57;167.2;-9.42
22.57;167.6;-9.12
22.57;168,00;-9.09
22.57;168.4;-9.24
22.57;168.8;-9.23
22.57;169.2;-9.01
22.57;169.6;-9.03
22.57;170,00;-9.13
22.58;170.4;-9.15
22.58;170.8;-8.67
22.58;171.2;-8.13
22.58;171.6;-8.43
22.58;172,00;-9.02
22.58;172.4;-9.12
22.58;172.8;-8.81
22.58;173.2;-8.55
22.59;173.6;-8.46
22.59;174,00;-8.12
22.59;174.4;-7.98
22.59;174.8;-8.01
22.59;175.2;-8.21
22.59;175.6;-8.09
22.59;175.95;-8.17
22.61;176.4;-8.59
22.62;176.8;-9.01
22.64;177.2;-8.57
22.65;177.6;-9.06
22.66;178,00;-8.59
22.68;178.4;-9.01
22.69;178.8;-9.09
22.71;179.2;-9,00
22.72;179.6;-9.17
22.73;180,00;-9.39
22.75;180.4;-9.16
22.76;180.8;-9.16
22.78;181.2;-9.33
22.79;181.6;-9.11
22.8;182,00;-9.58
22.82;182.4;-9.44
22.83;182.8;-8.99
22.85;183.2;-8.91
22.86;183.6;-9.04
22.87;184,00;-9.46
22.89;184.4;-9.06
22.9;184.8;-9.43
22.92;185.2;-9.08
22.93;185.6;-8.97
22.95;186,00;-8.73
22.96;186.4;-9.21
22.97;186.8;-9.02
22.99;187.2;-9.86
23,00;187.6;-9.18
23.02;188,00;-9.16
23.03;188.4;-9.69
23.04;188.8;-8.99
23.06;189.2;-9.01
23.07;189.6;-8.99
23.09;190,00;-8.83
23.1;190.4;-8.71
23.11;190.8;-9.42
23.13;191.2;-8.97
23.14;191.6;-8.96
23.16;192,00;-8.91
23.17;192.4;-9.01
23.18;192.8;-8.85
23.19;193.2;-8.83
23.19;193.6;-8.77
23.2;194,00;-8.71
23.21;194.4;-8.97
23.22;194.8;-8.91
23.23;195.2;-8.67
23.23;195.6;-8.48
23.24;196,00;-8.41
23.25;196.4;-8.56
23.26;196.8;-8.75
23.27;197.2;-8.66
23.28;197.6;-8.71
23.28;198,00;-8.52
23.29;198.4;-8.92
23.3;198.8;-8.88
23.31;199.2;-8.94
23.32;199.6;-9.02
23.32;200,00;-8.92
23.33;200.4;-8.98
23.34;200.8;-8.78
23.35;201.2;-8.61
23.36;201.6;-8.76
23.36;202,00;-8.56
23.37;202.4;-8.4
23.38;202.8;-7.97
23.39;203.19;-7.41
23.41;203.6;-8.34
23.43;204,00;-8.72
23.46;204.4;-8.71
23.48;204.8;-8.69
23.5;205.2;-8.74
23.52;205.6;-8.81
23.55;206,00;-8.93
23.57;206.4;-8.95
23.59;206.8;-8.91
23.61;207.2;-8.71
23.64;207.6;-8.47
23.66;208,00;-9.23
23.68;208.4;-8.51
23.71;208.8;-8.38
23.73;209.2;-8.42
23.75;209.6;-8.36
23.77;210,00;-8.4
23.8;210.4;-8.66
23.82;210.8;-8.55
23.84;211.2;-8.27
23.86;211.6;-7.47
23.89;212,00;-7.19
23.91;212.4;-6.83
23.93;212.8;-7.8
23.95;213.2;-8.29
23.98;213.6;-7.73
24.03;214,00;-7.64
24.08;214.4;-6.99
24.13;214.8;-6.8
24.18;215.2;-6.56
24.23;215.6;-6.4
24.28;216,00;-6.4
24.33;216.4;-6.33
24.39;216.8;-5.47
24.44;217.2;-5.65
24.49;217.6;-6.12
24.54;218,00;-6.04
24.59;218.4;-6.14
24.64;218.8;-6.24
24.69;219.2;-6.41
24.74;219.6;-6.56
24.79;220,00;-6.81
24.84;220.4;-7.05
24.9;220.8;-6.4
24.95;221.2;-6.28
25,00;221.6;-6.29
25.09;222,00;-6.55
25.18;222.4;-7.03
25.27;222.8;-6.8
25.36;223.2;-7.2
25.45;223.6;-6.89
25.54;224,00;-6.93
25.63;224.4;-6.67
25.72;224.8;-6.44
25.81;225.2;-6.35
25.9;225.6;-6.55
25.99;226,00;-6.47
26.17;226.8;-6.42
26.25;227.2;-6.7
26.34;227.6;-6.68
26.43;228,00;-6.51
26.52;228.4;-6.82
26.61;228.8;-7.11
26.7;229.2;-6.77
26.79;229.6;-6.72
26.88;230,00;-6.32
26.97;230.4;-6.65
27.06;230.8;-6.54
27.15;231.2;-6.54
27.24;231.6;-5.99
27.33;232,00;-5.78
27.42;232.4;-6.11
27.51;232.8;-6.32
27.6;233.2;-7.02
27.69;233.6;-7.32
27.78;234,00;-7.36
27.87;234.4;-7.57
27.96;234.8;-6.91
28.05;235.2;-7.01
28.14;235.6;-6.98
28.23;236,00;-6.78
28.32;236.4;-7.25
28.41;236.8;-7.3
28.5;237.2;-7.67
28.59;237.6;-6.83
28.68;238,00;-6.36
28.77;238.4;-5.84
28.86;238.8;-6,00
28.95;239.2;-6.3
29.04;239.6;-6.49
29.07;239.74;-6.4
29.1;239.88;-6.98
29.13;240.02;-6.99
29.16;240.16;-6.97
29.2;240.3;-7.23
29.23;240.44;-7.08
29.26;240.58;-6.94
29.29;240.72;-7.02
29.32;240.86;-7.15
29.35;241.01;-7.31
29.39;241.15;-7.12
29.42;241.29;-7.12
29.44;241.43;-6.96
29.47;241.57;-6.81
29.5;241.71;-6.9
29.53;241.85;-6.86
29.55;241.99;-6.9
29.58;242.13;-6.66
29.61;242.27;-6.74
29.64;242.41;-6.87
29.66;242.55;-6.75
29.69;242.69;-6.87
29.72;242.83;-6.85
29.75;242.97;-6.78
29.77;243.11;-6.68
29.8;243.25;-6.79
29.83;243.39;-6.92
29.86;243.54;-6.7
29.89;243.68;-6.54
29.91;243.82;-6.56
29.94;243.96;-6.55
29.97;244.1;-6.81
30,00;244.24;-6.78
30.02;244.38;-6.41
30.05;244.52;-6.39
30.08;244.66;-6.7
30.11;244.8;-6.5
30.13;244.94;-6.52
30.16;245.08;-6.9
30.19;245.22;-6.71
30.22;245.36;-6.46
30.24;245.5;-6.38
30.27;245.64;-6.19
30.3;245.78;-6.16
30.33;245.92;-6.74
30.35;246.06;-7.02
30.38;246.2;-6.55
30.41;246.34;-6.24
30.44;246.48;-6.5
30.46;246.62;-6.42
30.49;246.76;-6.81
30.52;246.91;-7.22
30.55;247.05;-7.54
30.57;247.19;-7.43
30.6;247.33;-7.8
30.63;247.47;-7.98
30.66;247.61;-7.77
30.68;247.75;-7.64
30.71;247.89;-6.74
30.74;248.03;-6.65
30.76;248.13;-6.31
30.78;248.23;-6.31
30.82;248.43;-6.37
30.84;248.53;-6.31
30.86;248.63;-6.23
30.88;248.73;-5.95
30.9;248.83;-5.9
30.92;248.93;-6.07
30.94;249.03;-6.39
30.96;249.13;-6.46
30.97;249.23;-6.45
30.99;249.33;-6.56
31.01;249.43;-6.35
31.03;249.53;-6.5
31.05;249.63;-6.55
31.07;249.73;-6.78
31.09;249.83;-6.96
31.17;250.03;-7.18
31.22;250.13;-6.92
31.26;250.23;-6.99
31.3;250.33;-7.11
31.34;250.43;-7.08
31.38;250.53;-7.41
31.42;250.63;-7.22
31.46;250.73;-7.18
31.5;250.83;-7.05
31.54;250.93;-7.23
31.58;251.03;-7.4
31.62;251.13;-7.54
31.66;251.23;-7.7
31.71;251.33;-7.43
31.75;251.43;-7.31
31.79;251.53;-7.26
31.83;251.63;-7.43
31.87;251.73;-7.67
31.91;251.83;-7.47
31.95;251.93;-7.65
31.99;252.03;-7.38
32.03;252.13;-7.45
32.07;252.23;-7.61
32.11;252.33;-7.48
32.16;252.43;-7.56
32.2;252.53;-7.79
32.24;252.63;-7.44
32.28;252.73;-7.52
32.32;252.83;-7.4
32.36;252.93;-7.4
32.4;253.03;-7.48
32.44;253.13;-7.41
32.48;253.23;-7.52
32.52;253.33;-7.51
32.56;253.43;-7.43
32.6;253.53;-7.28
32.65;253.63;-7.28
32.69;253.73;-7.26
32.73;253.83;-7.21
32.77;253.93;-7.39
32.81;254.03;-7.43
32.85;254.13;-6.9
32.89;254.23;-7.66
32.93;254.33;-7.22
32.97;254.43;-7.36
33.01;254.53;-7.39
33.05;254.63;-7.23
33.1;254.73;-7.2
33.14;254.83;-7.21
33.18;254.93;-7.62
33.22;255.03;-7.9
33.26;255.13;-8.03
33.3;255.23;-8.11
33.34;255.33;-8.53
33.38;255.43;-7.59
33.42;255.53;-7.73
33.46;255.63;-7.91
33.5;255.73;-7.61
33.55;255.83;-7.72
33.59;255.93;-8.08
33.63;256.03;-7.5
33.67;256.13;-6.89
33.71;256.23;-5.82
33.75;256.33;-5.46
33.79;256.43;-6.12
33.83;256.53;-7.29
33.87;256.63;-7.92
33.91;256.73;-7.69
33.95;256.83;-7.07
33.99;256.93;-6.74
34.04;257.03;-6.35
34.08;257.13;-5.78
34.12;257.23;-6.02
34.16;257.33;-6.7
34.2;257.43;-6.9
34.24;257.53;-7.05
34.28;257.63;-7.29
34.32;257.73;-6.93
34.36;257.83;-7.03
34.4;257.93;-6.57
34.44;258.03;-6.89
34.49;258.13;-7.36
34.53;258.23;-7.09
34.57;258.33;-5.92
34.61;258.43;-6.36
34.65;258.53;-6.09
34.69;258.63;-6.91
34.73;258.73;-6.16
34.77;258.83;-5.76
34.81;258.93;-6.28
34.85;259.03;-6.14
34.89;259.13;-6.02
34.93;259.23;-6.28
34.98;259.33;-6.35
35.02;259.43;-5.92
35.06;259.53;-5.58
35.1;259.63;-5.19
35.14;259.73;-5.82
35.18;259.83;-5.98
35.22;259.93;-5.61
35.26;260.03;-6.02
35.3;260.13;-5.31
35.34;260.23;-5.18
35.38;260.33;-5.33
35.43;260.43;-5.22
35.47;260.53;-5.1
35.48;260.63;-5.43
35.5;260.73;-5.63
35.51;260.83;-5.91
35.53;260.93;-6.37
35.55;261.03;-6.95
35.56;261.13;-7.03
35.58;261.23;-7.23
35.59;261.33;-7.33
35.61;261.43;-6.98
35.63;261.53;-6.78
35.64;261.63;-7.05
35.66;261.73;-7.2
35.68;261.83;-7.31
35.69;261.93;-7.03
35.71;262.03;-7.04
35.72;262.13;-6.95
35.74;262.23;-7.35
35.76;262.33;-7.57
35.77;262.43;-7.14
35.8;262.63;-6.98
35.82;262.73;-7.28
35.84;262.83;-7.1
35.85;262.93;-7.35
35.87;263.03;-7.61
35.88;263.13;-7.61
35.9;263.23;-7.47
35.92;263.33;-7.52
35.93;263.43;-7.56
35.95;263.53;-7.27
35.96;263.63;-7.23
35.98;263.73;-7.25
36,00;263.83;-7.3
36.01;263.93;-7.14
36.03;264.03;-7.28
36.04;264.13;-7,00
36.06;264.23;-6.81
36.08;264.33;-7.04
36.09;264.43;-7.18
36.11;264.53;-7.29
36.12;264.63;-7.59
36.14;264.73;-7.56
36.16;264.83;-7.55
36.17;264.93;-7.14
36.19;265.03;-7.12
36.21;265.13;-7.12
36.22;265.23;-7.17
36.24;265.33;-7.62
36.25;265.43;-8.48
36.27;265.53;-7.47
36.29;265.63;-7.31
36.3;265.73;-7.11
36.32;265.83;-7.56
36.33;265.93;-7.5
36.35;266.03;-7.48
36.37;266.13;-6.99
36.38;266.23;-7.14
36.4;266.33;-6.98
36.41;266.43;-6.84
36.43;266.53;-6.86
36.45;266.63;-6.86
36.47;266.73;-6.67
36.49;266.83;-6.41
36.51;266.93;-6.09
36.53;267.03;-5.83
36.55;267.13;-5.74
36.57;267.23;-5.63
36.59;267.33;-5.56
36.61;267.43;-5.61
36.63;267.53;-5.72
36.65;267.63;-5.47
36.67;267.73;-5.14
36.69;267.83;-5.08
36.71;267.93;-5.08
36.73;268.03;-5,00
36.75;268.13;-5.02
36.77;268.23;-5.14
36.79;268.33;-5.27
36.81;268.43;-5.21
36.83;268.53;-5.17
36.85;268.63;-5.46
36.87;268.73;-5.44
36.89;268.83;-5.31
36.91;268.93;-5.45
36.93;269.03;-5.66
36.95;269.13;-7.42
36.97;269.23;-6.02
36.99;269.33;-5.55
37.01;269.43;-5.43
37.03;269.53;-5.59
37.05;269.63;-5.61
37.07;269.73;-5.58
37.09;269.83;-5.46
37.11;269.93;-5.5
37.13;270.03;-5.69
37.15;270.13;-5.42
37.17;270.23;-5.56
37.19;270.33;-5.85
37.21;270.43;-5.59
37.23;270.53;-5.34
37.25;270.63;-5.66
37.27;270.73;-5.91
37.29;270.83;-5.65
37.31;270.93;-7.08
37.33;271.03;-5.72
37.35;271.13;-6.07
37.37;271.23;-5.63
37.39;271.33;-6.09
37.41;271.43;-6.04
37.43;271.53;-7.93
37.45;271.63;-6.02
37.47;271.73;-5.76
37.49;271.83;-5.88
37.52;271.93;-5.51
37.54;272.03;-5.51
37.56;272.13;-5.23
37.58;272.23;-5.19
37.6;272.33;-5.36
37.62;272.43;-5.21
37.64;272.53;-5.32
37.66;272.63;-5.46
37.68;272.73;-5.33
37.7;272.83;-5.17
37.72;272.93;-5.12
37.74;273.03;-5.12
37.76;273.13;-5.22
37.78;273.23;-5.21
37.8;273.33;-5.28
37.82;273.43;-5.37
37.84;273.53;-5.18
37.86;273.63;-6.05
37.88;273.73;-5.58
37.9;273.83;-5.51
37.92;273.93;-5.23
37.94;274.03;-5.89
37.96;274.13;-5.3
37.98;274.23;-5.2
38,00;274.33;-5.45
38.02;274.43;-5.38
38.04;274.53;-5.82
38.06;274.63;-5.77
38.08;274.73;-5.82
38.1;274.83;-5.55
38.12;274.93;-5.84
38.14;275.03;-5.73
38.16;275.13;-5.89
38.18;275.23;-5.7
38.2;275.33;-5.93
38.22;275.43;-5.74
38.24;275.53;-5.84
38.26;275.63;-6,00
38.28;275.73;-6.32
38.3;275.83;-6.61
38.32;275.93;-6.61
38.34;276.03;-7.24
38.36;276.13;-7.09
38.38;276.23;-6.96
38.4;276.33;-7.45
38.42;276.43;-7.3
38.44;276.53;-7.8
38.46;276.63;-7.11
38.48;276.73;-7.24
38.5;276.83;-7.05
38.52;276.93;-7.25
38.54;277.03;-7.49
38.56;277.13;-7.17
38.58;277.23;-7.74
38.6;277.33;-7.49
38.62;277.43;-7.28
38.64;277.53;-8.7
38.66;277.63;-7.75
38.68;277.73;-6.88
38.7;277.83;-6.37
38.72;277.93;-6.53
38.74;278.03;-6.37
38.76;278.13;-5.75
38.78;278.23;-5.97
38.8;278.33;-6.52
38.81;278.43;-5.97
38.83;278.53;-6.13
38.84;278.63;-6.67
38.85;278.73;-6.29
38.87;278.83;-6.04
38.88;278.93;-5.65
38.9;279.03;-5.86
38.91;279.13;-5.65
38.93;279.23;-5.92
38.94;279.33;-5.89
38.96;279.43;-5.57
38.97;279.53;-5.26
38.99;279.63;-5.15
39,00;279.73;-5.31
39.02;279.83;-5.26
39.03;279.93;-4.93
39.05;280.03;-4.8
39.06;280.13;-4.41
39.08;280.23;-4.33
39.09;280.33;-4.28
39.1;280.43;-4.5
39.12;280.53;-5.66
39.13;280.63;-4.69
39.15;280.73;-4.44
39.16;280.83;-3.87
39.18;280.93;-4.32
39.19;281.03;-4.1
39.21;281.13;-4.37
39.22;281.23;-4.35
39.24;281.33;-4.13
39.25;281.43;-3.41
39.27;281.53;-3.64
39.28;281.63;-4.2
39.3;281.73;-4.23
39.31;281.83;-4.14
39.33;281.93;-4.34
39.34;282.03;-4.46
39.35;282.13;-4.55
39.37;282.23;-5.33
39.38;282.33;-4.47
39.4;282.43;-4.75
39.41;282.53;-6.49
39.43;282.63;-6.35
39.44;282.73;-6.39
39.46;282.83;-7.29
39.47;282.93;-8.17
39.49;283.03;-8.4
39.5;283.13;-7.79
39.52;283.23;-8.26
39.53;283.33;-8.37
39.55;283.43;-8.93
39.56;283.53;-8.53
39.58;283.63;-8.48
39.59;283.73;-8.47
39.6;283.83;-8.67
39.62;283.93;-8.02
39.63;284.03;-7.62
39.65;284.13;-6.82
39.66;284.23;-7.41
39.68;284.33;-7.39
39.69;284.43;-7.35
39.71;284.53;-7.59
39.72;284.63;-7.43
39.74;284.73;-8.21
39.77;284.93;-7.66
39.78;285.03;-8.11
39.8;285.13;-7.67
39.81;285.23;-8.01
39.83;285.33;-8.47
39.84;285.43;-8.25
39.85;285.53;-8.11
39.87;285.63;-7.36
39.88;285.73;-7.78
39.9;285.83;-7.94
39.91;285.93;-7.05
39.93;286.03;-7.76
39.94;286.13;-7.65
39.96;286.23;-9.08
39.97;286.33;-9.2
39.99;286.43;-7.83
40,00;286.53;-7.27
40.02;286.63;-7.03
40.03;286.73;-6.13
40.05;286.83;-6.44
40.06;286.93;-6.41
40.08;287.03;-6.58
40.09;287.13;-7.05
40.1;287.23;-6.99
40.12;287.33;-9.38
40.13;287.43;-9.06
40.15;287.53;-8.24
40.16;287.63;-8.47
40.18;287.73;-7.24
40.19;287.83;-7.58
40.21;287.93;-7.29
40.22;288.03;-7.74
40.24;288.13;-7.7
40.25;288.23;-7.12
40.27;288.33;-8.02
40.28;288.43;-6.9
40.3;288.53;-7.84
40.31;288.63;-7.19
40.33;288.73;-7.27
40.34;288.83;-7.09
40.35;288.93;-7,00
40.37;289.03;-7.39
40.38;289.13;-7.07
40.4;289.23;-7.37
40.41;289.33;-5.91
40.43;289.43;-6.78
40.44;289.53;-7.66
40.46;289.63;-7.1
40.47;289.73;-6.95
40.49;289.83;-7.63
40.5;289.93;-7.76
40.52;290.03;-7.73
40.53;290.13;-7.08
40.55;290.23;-6.76
40.56;290.33;-6.78
40.57;290.43;-6.77
40.59;290.53;-6.9
40.62;290.73;-6.6
40.63;290.83;-6.77
40.65;290.93;-6.98
40.66;291.03;-6.82
40.68;291.13;-6.72
40.69;291.23;-6.82
40.71;291.33;-6.76
40.72;291.43;-6.58
40.74;291.53;-6.31
40.75;291.63;-6.49
40.77;291.73;-6.44
40.78;291.83;-6.36
40.8;291.93;-6.56
40.81;292.03;-6.49
40.82;292.13;-6.07
40.84;292.23;-6.15
40.85;292.33;-6.11
40.87;292.43;-5.96
40.88;292.53;-6.09
40.9;292.63;-6.03
40.91;292.73;-5.95
40.93;292.83;-5.82
40.94;292.93;-5.9
41,00;293.33;-5.7
41.02;293.43;-5.85
41.03;293.53;-5.92
41.05;293.63;-5.99
41.06;293.73;-6.42
41.07;293.83;-6.05
41.09;293.93;-6.01
41.1;294.03;-6.03
41.12;294.13;-6.02
41.13;294.23;-6.01
41.15;294.33;-6.1
41.16;294.43;-6.14
41.18;294.53;-7.75
41.19;294.63;-7.01
41.21;294.73;-6.99
41.22;294.83;-7.13
41.24;294.93;-7.05
41.25;295.03;-7.46
41.27;295.13;-7.06
41.28;295.23;-7.38
41.3;295.33;-7.37
41.31;295.43;-7.65
41.32;295.53;-7.07
41.34;295.63;-6.82
41.35;295.73;-6.87
41.37;295.83;-7.37
41.38;295.93;-7.44
41.4;296.03;-7.08
41.41;296.13;-6.47
41.43;296.23;-6.47
41.44;296.33;-6.6
41.46;296.43;-6.78
41.47;296.53;-7.01
41.49;296.63;-6.89
41.5;296.73;-7.05
41.52;296.83;-6.99
41.53;296.93;-7.1
41.55;297.03;-7.28
41.56;297.13;-7.4
41.57;297.23;-7.4
41.59;297.33;-7.6
41.6;297.43;-7.51
41.62;297.53;-7.92
41.63;297.63;-8.15
41.65;297.73;-8.14
41.66;297.83;-8.16
41.68;297.93;-8.26
41.69;298.03;-8.22
41.71;298.13;-8.51
41.72;298.23;-8.11
41.74;298.33;-7.98
41.75;298.43;-7.88
41.77;298.53;-8.12
41.8;298.73;-8.52
41.81;298.83;-7.77
41.82;298.93;-7.86
41.84;299.03;-8.15
41.85;299.13;-8.11
41.87;299.23;-8.23
41.9;299.33;-8.08
41.93;299.43;-7.92
41.96;299.53;-7.95
41.98;299.63;-7.78
42.01;299.73;-8.07
42.04;299.83;-7.84
42.07;299.93;-7.9
42.13;300.13;-7.74
42.16;300.23;-7.78
42.19;300.33;-7.73
42.22;300.43;-7.66
42.24;300.53;-7.82
42.27;300.63;-8.05
42.3;300.73;-7.94
42.33;300.83;-7.71
42.36;300.93;-7.75
42.39;301.03;-7.72
42.42;301.13;-8.3
42.45;301.23;-7.84
42.48;301.33;-7.88
42.5;301.43;-8.54
42.53;301.53;-7.4
42.56;301.63;-7.39
42.59;301.73;-7.6
42.62;301.83;-7.19
42.65;301.93;-7.2
42.68;302.03;-7.12
42.71;302.13;-6.92
42.74;302.23;-7.21
42.76;302.33;-6.53
42.79;302.43;-6.55
42.82;302.53;-6.88
42.85;302.63;-6.85
42.88;302.73;-6.72
42.91;302.83;-6.36
42.94;302.93;-6.93
42.97;303.03;-6.78
43,00;303.13;-6.93
43.02;303.23;-6.93
43.05;303.33;-7.01
43.08;303.43;-6.97
43.11;303.53;-7.05
43.14;303.63;-7.09
43.17;303.73;-6.98
43.2;303.83;-7.02
43.23;303.93;-7.25
43.26;304.03;-6.8
43.28;304.13;-6.64
43.31;304.23;-6.76
43.34;304.33;-6.55
43.37;304.43;-6.83
43.4;304.53;-6.85
43.43;304.63;-6.82
43.46;304.73;-6.69
43.49;304.83;-6.78
43.52;304.93;-6.72
43.54;305.03;-6.81
43.57;305.13;-6.84
43.6;305.23;-6.78
43.63;305.33;-6.86
43.66;305.43;-6.95
43.69;305.53;-6.87
43.72;305.63;-6.72
43.75;305.73;-6.83
43.78;305.83;-6.81
43.8;305.93;-6.79
43.83;306.03;-6.71
43.86;306.13;-6.31
43.89;306.23;-6.23
43.92;306.33;-6.14
43.95;306.43;-6.02
43.98;306.53;-6.32
44.01;306.63;-6.44
44.04;306.73;-7.08
44.06;306.83;-7.3
44.09;306.93;-7.27
44.12;307.03;-7.38
44.15;307.13;-7.21
44.18;307.23;-7.33
44.21;307.33;-7.43
44.24;307.43;-7.34
44.27;307.53;-7.46
44.29;307.63;-7.4
44.32;307.73;-7.78
44.35;307.83;-7.66
44.38;307.93;-7.39
44.41;308.03;-7.29
44.44;308.13;-7.29
44.47;308.23;-7.37
44.5;308.33;-7.03
44.53;308.43;-6.81
44.55;308.53;-6.89
44.61;308.73;-6.51
44.64;308.83;-6.25
44.67;308.93;-6.41
44.7;309.03;-6.48
44.73;309.13;-6.43
44.76;309.23;-6.19
44.79;309.33;-6.15
44.81;309.43;-5.94
44.84;309.53;-5.78
44.87;309.63;-5.87
44.9;309.73;-6.12
44.93;309.83;-6.15
44.96;309.93;-6.31
44.99;310.03;-6.54
45.02;310.13;-6.55
45.05;310.23;-6.61
45.07;310.33;-6.1
45.1;310.43;-6.17
45.13;310.53;-6.33
45.16;310.63;-6.98
45.19;310.73;-6.29
45.22;310.83;-6.08
45.25;310.93;-5.76
45.28;311.03;-6.16
45.31;311.13;-6.33
45.33;311.23;-6.61
45.36;311.33;-6.44
45.39;311.43;-6.1
45.42;311.53;-6.54
45.45;311.63;-6.04
45.48;311.73;-6.09
45.51;311.83;-6.16
45.54;311.93;-6.28
45.57;312.03;-6.41
45.59;312.13;-6.48
45.62;312.23;-6.48
45.65;312.33;-6.16
45.68;312.43;-7.25
45.71;312.53;-6.34
45.74;312.63;-6.52
45.77;312.73;-6.55
45.8;312.83;-6.09
45.83;312.93;-5.68
45.85;313.03;-6.1
45.88;313.13;-5.6
45.91;313.23;-6.42
45.94;313.33;-5.69
45.97;313.43;-6.68
46,00;313.53;-6.27
46.03;313.63;-6.43
46.07;313.73;-6.8
46.12;313.83;-6.86
46.17;313.93;-6.24
46.21;314.03;-6.53
46.26;314.13;-5.65
46.3;314.23;-5.57
46.35;314.33;-5.72
46.4;314.43;-5.54
46.44;314.53;-5.72
46.49;314.63;-5.7
46.54;314.73;-5.94
46.58;314.83;-5.83
46.63;314.93;-5.88
46.67;315.03;-5.8
46.72;315.13;-6.51
46.77;315.23;-6.14
46.81;315.33;-6.26
46.86;315.43;-6.15
46.9;315.53;-6.17
46.95;315.63;-5.98
47,00;315.73;-7.14
47.09;315.93;-6.3
47.13;316.03;-6.54
47.18;316.13;-6.25
47.23;316.23;-6.27
47.27;316.33;-6.21
47.32;316.43;-6.26
47.37;316.53;-7.19
47.41;316.63;-6.36
47.46;316.73;-7.18
47.5;316.83;-6.18
47.55;316.93;-6.7
47.6;317.03;-6.17
47.64;317.13;-6.31
47.69;317.23;-5.74
47.73;317.33;-6.31
47.78;317.43;-5.99
47.83;317.53;-6.32
47.87;317.63;-6.34
47.92;317.73;-6.18
47.97;317.83;-6.48
48.01;317.93;-6.28
48.06;318.03;-6.25
48.1;318.13;-7.22
48.2;318.33;-6.15
48.24;318.43;-6.1
48.29;318.53;-6.05
48.33;318.63;-6.35
48.38;318.73;-6.62
48.43;318.83;-6.58
48.47;318.93;-6.47
48.52;319.03;-6.74
48.56;319.13;-6.5
48.61;319.23;-6.98
48.66;319.33;-6.28
48.7;319.43;-6.59
48.75;319.53;-6.72
48.8;319.63;-6.5
48.84;319.73;-6.34
48.89;319.83;-6.09
48.98;320.03;-6.08
49.03;320.13;-6.04
49.07;320.23;-5.95
49.12;320.33;-5.46
49.16;320.43;-5.12
49.21;320.53;-5.23
49.26;320.63;-4.62
49.3;320.73;-4.47
49.35;320.83;-4.76
49.44;321.03;-6.34
49.49;321.13;-6.19
49.53;321.23;-5.93
49.58;321.33;-5.68
49.63;321.43;-6.13
49.67;321.53;-5.11
49.72;321.63;-5.57
49.76;321.73;-5.11
49.81;321.83;-5.33
49.86;321.93;-5.75
49.9;322.03;-6,00
49.95;322.13;-6.27
49.99;322.23;-6.04
50.04;322.33;-6.25
50.09;322.43;-5.71
50.13;322.53;-5.69
50.18;322.63;-5.79
50.23;322.73;-5.55
50.27;322.83;-5.58
50.32;322.93;-5.35
50.36;323.03;-5.55
50.41;323.13;-5.48
50.46;323.23;-5.23
50.5;323.33;-4.95
50.55;323.43;-5.18
50.59;323.53;-5.17
50.64;323.63;-5.28
50.69;323.73;-5.51
50.73;323.83;-5.84
50.78;323.93;-5.33
50.83;324.03;-5.61
50.87;324.13;-6.3
50.92;324.23;-5.23
50.96;324.33;-5.39
51.01;324.43;-5.47
51.06;324.53;-5.82
51.1;324.63;-6.05
51.15;324.73;-5.77
51.19;324.83;-6.33
51.24;324.93;-5.62
51.29;325.03;-5.03
51.33;325.13;-5.47
51.38;325.23;-5.43
51.42;325.33;-6.17
51.47;325.43;-5.54
51.52;325.53;-5.95
51.56;325.63;-5.7
51.61;325.73;-5.69
51.66;325.83;-5.65
51.7;325.93;-5.61
51.75;326.03;-5.65
51.8;326.15;-5.49
51.86;326.27;-6.11
51.91;326.39;-5.9
51.97;326.51;-5.65
52.02;326.63;-5.52
52.08;326.75;-5.86
52.14;326.87;-5.89
52.19;326.99;-5.7
52.25;327.11;-5.46
52.3;327.23;-5.59
52.36;327.35;-5.96
52.41;327.47;-5.69
52.47;327.59;-5.52
52.52;327.71;-5.62
52.58;327.83;-5.53
52.63;327.95;-5.03
52.69;328.07;-5.36
52.74;328.19;-4.89
52.8;328.31;-4.8
52.85;328.43;-4.93
52.91;328.55;-4.87
52.97;328.67;-5.01
53.02;328.79;-5,00
53.08;328.91;-4.95
53.13;329.03;-5.24
53.19;329.15;-5.13
53.24;329.27;-5.61
53.3;329.39;-5.49
53.35;329.51;-5.73
53.41;329.63;-6.52
53.46;329.75;-5.9
53.5;329.87;-5.82
53.55;329.99;-6.78
53.6;330.11;-6.66
53.65;330.23;-6,00
53.7;330.35;-6.19
53.75;330.47;-6.17
53.79;330.59;-6.27
53.84;330.71;-6.66
53.89;330.83;-6.76
53.94;330.95;-6.98
53.99;331.07;-6.22
54.04;331.19;-6.21
54.08;331.31;-6.33
54.13;331.43;-6.36
54.18;331.55;-6.83
54.23;331.67;-6.94
54.28;331.79;-7.11
54.32;331.91;-7.19
54.37;332.03;-7.08
54.42;332.15;-6.92
54.47;332.27;-7.38
54.52;332.39;-7.03
54.57;332.51;-7.61
54.61;332.63;-6.59
54.66;332.75;-6.46
54.71;332.87;-6.53
54.76;332.99;-7.08
54.81;333.11;-6.22
54.86;333.23;-7,00
54.9;333.35;-6.23
54.95;333.47;-6.48
55,00;333.59;-6.31
55.05;333.71;-6.43
55.1;333.83;-6.46
55.14;333.95;-6.26
55.19;334.07;-6.51
55.24;334.19;-6.9
55.29;334.31;-6.96
55.34;334.43;-7.2
55.39;334.55;-7.03
55.43;334.67;-7.03
55.48;334.79;-6.98
55.53;334.91;-6.99
55.58;335.03;-6.95
55.63;335.15;-6.75
55.68;335.27;-6.6
55.72;335.39;-6.15
55.77;335.51;-5.71
55.82;335.63;-5.6
55.87;335.75;-5.41
55.93;335.87;-5.66
56,00;335.99;-5.57
56.06;336.11;-5.41
56.13;336.23;-5.42
56.19;336.35;-6.22
56.26;336.47;-6.48
56.32;336.59;-6.36
56.39;336.71;-6.8
56.45;336.83;-6.87
56.52;336.95;-6.72
56.58;337.07;-6.61
56.65;337.19;-6.08
56.71;337.31;-5.68
56.78;337.43;-5.22
56.84;337.55;-5,00
56.91;337.67;-5.17
56.97;337.79;-5.31
57.03;337.91;-5.29
57.1;338.03;-5.25
57.16;338.15;-5.21
57.23;338.27;-5.39
57.29;338.39;-5.27
57.36;338.51;-5.17
57.42;338.63;-5.04
57.49;338.75;-5.07
57.55;338.87;-5.09
57.62;338.99;-4.84
57.68;339.11;-4.9
57.75;339.23;-4.94
57.81;339.35;-5,00
57.88;339.47;-5.6
57.94;339.59;-5.54
58.01;339.71;-5.93
58.07;339.83;-5.92
58.14;339.95;-5.85
58.2;340.07;-5.85
58.27;340.19;-5.89
58.33;340.31;-6.2
58.4;340.43;-6.65
58.46;340.55;-6.95
58.53;340.67;-6.89
58.59;340.79;-7.15
58.66;340.91;-6.91
58.72;341.03;-6.54
58.78;341.15;-5.92
58.85;341.27;-5.54
58.91;341.39;-5.27
58.98;341.51;-5.25
59.04;341.63;-5.29
59.11;341.75;-5.23
59.17;341.87;-5.2
59.24;341.99;-5.33
59.3;342.11;-5.73
59.37;342.23;-6.17
59.43;342.35;-6.68
59.5;342.47;-6.22
59.56;342.59;-6.06
59.63;342.71;-5.94
59.69;342.83;-5.62
59.76;342.95;-5.32
59.82;343.07;-5.56
59.89;343.19;-5.88
59.95;343.31;-6.51
60.02;343.43;-5.42
60.08;343.55;-5.52
60.15;343.67;-5.35
60.21;343.79;-5.81
60.28;343.91;-5.4
60.34;344.03;-5.56
60.47;344.27;-5.69
60.53;344.39;-5.56
60.56;344.51;-4.56
60.58;344.63;-4.26
60.6;344.75;-4.21
60.63;344.87;-4.48
60.65;344.99;-4.36
60.67;345.11;-4.1
60.69;345.23;-4.29
60.72;345.35;-4.3
60.74;345.47;-4.64
60.76;345.59;-4.91
60.78;345.71;-4.94
60.81;345.83;-4.92
60.83;345.95;-4.95
60.85;346.07;-4.94
60.88;346.19;-4.41
60.9;346.31;-4.62
60.92;346.43;-5.66
60.94;346.55;-5.67
60.97;346.67;-5.38
60.99;346.79;-5.52
61.01;346.91;-5.88
61.03;347.03;-6.29
61.06;347.15;-5.69
61.08;347.27;-5.78
61.1;347.39;-6.02
61.12;347.51;-6.05
61.15;347.63;-6.07
61.17;347.75;-6.39
61.19;347.87;-6.58
61.22;347.99;-6.34
61.24;348.11;-6,00
61.26;348.23;-5.69
61.28;348.35;-5.86
61.31;348.47;-5.8
61.33;348.59;-6.56
61.35;348.71;-6.6
61.37;348.83;-6.82
61.4;348.95;-6.9
61.42;349.07;-6.88
61.44;349.19;-6.29
61.47;349.31;-6.98
61.49;349.43;-6.55
61.51;349.55;-7,00
61.53;349.67;-7.1
61.56;349.79;-7.19
61.58;349.91;-7.01
61.6;350.03;-7.18
61.62;350.15;-7.33
61.67;350.39;-7.53
61.69;350.51;-7.53
61.72;350.63;-7.1
61.74;350.75;-7.35
61.76;350.87;-7.1
61.78;350.99;-7.56
61.81;351.11;-7.19
61.83;351.23;-7.43
61.85;351.35;-7.5
61.87;351.47;-7.42
61.9;351.59;-7.57
61.92;351.71;-7.48
61.94;351.83;-7.55
61.96;351.95;-7.15
61.99;352.07;-7.15
62.01;352.19;-7.21
62.03;352.31;-7.05
62.06;352.43;-6.82
62.08;352.55;-7.08
62.1;352.67;-6.72
62.12;352.79;-6.52
62.15;352.91;-6.62
62.17;353.03;-6.46
62.19;353.15;-6.83
62.21;353.27;-6.94
62.24;353.39;-6.88
62.26;353.51;-6.85
62.28;353.63;-6.8
62.31;353.75;-7.1
62.33;353.87;-7.26
62.35;353.99;-7.04
62.37;354.11;-7.18
62.4;354.23;-7.18
62.42;354.35;-6.5
62.44;354.47;-6.37
62.46;354.59;-6.64
62.49;354.71;-6.3
62.51;354.83;-6.59
62.53;354.95;-6.32
62.55;355.07;-6.5
62.58;355.19;-6.98
62.6;355.31;-7.33
62.62;355.43;-7.3
62.65;355.55;-7.51
62.67;355.67;-7.52
62.69;355.79;-7.74
62.71;355.91;-7.98
62.74;356.03;-7.98
62.76;356.15;-8.09
62.8;356.39;-7.66
62.83;356.51;-7.65
62.85;356.63;-7.77
62.87;356.75;-7.77
62.9;356.87;-7.67
62.92;356.99;-7.6
62.94;357.11;-8.23
62.96;357.23;-7.83
62.99;357.35;-7.69
63.01;357.47;-7.79
63.03;357.59;-7.82
63.05;357.71;-8.03
63.08;357.83;-7.67
63.1;357.95;-7.37
63.12;358.07;-8.35
63.15;358.19;-8.15
63.17;358.31;-8.43
63.19;358.43;-8.13
63.21;358.55;-8.16
63.24;358.67;-8.36
63.26;358.79;-8.4
63.28;358.91;-8.44
63.3;359.03;-8.63
63.33;359.15;-8.85
63.35;359.27;-8.78
63.37;359.39;-8.73
63.39;359.51;-9.17
63.42;359.63;-9.04
63.44;359.75;-9.24
63.46;359.87;-8.79
63.49;359.99;-9.26
63.51;360.11;-8.76
63.53;360.23;-8.82
63.55;360.35;-9.05
63.58;360.47;-8.86
63.6;360.59;-8.79
63.62;360.71;-8.81
63.64;360.83;-9.15
63.67;360.95;-9.01
63.69;361.07;-9.11
63.71;361.19;-9.14
63.74;361.31;-8.7
63.76;361.43;-8.92
63.78;361.55;-8.77
63.8;361.67;-8.66
63.83;361.79;-8.68
63.85;361.91;-8.37
63.87;362.03;-8.64
63.89;362.15;-9.24
63.92;362.27;-8.53
63.94;362.39;-8.42
63.96;362.51;-8.5
63.98;362.63;-8.38
64.01;362.75;-8.76
64.03;362.87;-8.86
64.05;362.99;-8.36
64.08;363.11;-8.72
64.1;363.23;-8.45
64.12;363.35;-8.41
64.14;363.47;-8.54
64.17;363.59;-9.02
64.19;363.71;-8.77
64.23;363.95;-8.66
64.26;364.07;-8.84
64.28;364.19;-8.47
64.3;364.31;-8.71
64.33;364.43;-8.43
64.35;364.55;-8.91
64.37;364.67;-8.54
64.39;364.79;-8.73
64.42;364.91;-10.02
64.44;365.03;-9.22
64.46;365.15;-8.73
64.48;365.27;-8.54
64.51;365.39;-4.9
64.53;365.51;-9.14
64.56;365.63;-8.88
64.58;365.75;-9.02
64.61;365.87;-9.08
64.63;365.99;-8.85
64.66;366.11;-9.28
64.69;366.23;-9.81
64.71;366.35;-9.37
64.74;366.47;-9.07
64.76;366.59;-9.15
64.79;366.71;-9.37
64.81;366.83;-9.88
64.84;366.95;-9.48
64.86;367.07;-9.16
64.89;367.19;-9.04
64.92;367.31;-9.01
64.94;367.43;-8.95
64.97;367.55;-8.48
64.99;367.67;-8.72
65.02;367.79;-8.58
65.04;367.91;-8.87
65.07;368.03;-8.85
65.09;368.15;-9.29
65.12;368.27;-9.36
65.15;368.39;-8.75
65.17;368.51;-9.1
65.2;368.63;-8.87
65.22;368.75;-8.71
65.25;368.87;-8.29
65.27;368.99;-8.28
65.3;369.11;-8.33
65.32;369.23;-8.39
65.35;369.35;-8.43
65.38;369.47;-8.62
65.4;369.59;-9.03
65.43;369.71;-8.75
65.45;369.83;-8.49
65.48;369.95;-8.99
65.5;370.07;-8.65
65.53;370.19;-8.68
65.55;370.31;-8.6
65.58;370.43;-8.77
65.61;370.55;-9.34
65.63;370.67;-9.52
65.66;370.79;-8.81
65.68;370.91;-8.8
65.71;371.03;-8.71
65.73;371.15;-8.73
65.76;371.27;-8.69
65.78;371.39;-8.7
65.81;371.51;-8.69
65.84;371.63;-8.41
65.86;371.75;-8.54
65.89;371.87;-8.88
65.91;371.99;-8.63
65.94;372.11;-8.96
65.96;372.23;-10.13
65.99;372.35;-8.77
66.01;372.47;-8.79
66.04;372.59;-8.79
66.07;372.71;-10.33
66.09;372.83;-9.36
66.12;372.95;-8.97
66.14;373.07;-9.25
66.17;373.19;-9.89
66.19;373.31;-9.49
66.22;373.43;-12.68
66.24;373.55;-9.17
66.27;373.67;-9.03
66.3;373.79;-11.17
66.32;373.91;-9.24
66.35;374.03;-10.35
66.37;374.15;-9.17
66.4;374.27;-10.14
66.42;374.39;-9.27
66.45;374.51;-10.76
66.47;374.63;-9.39
66.5;374.75;-8.92
66.52;374.87;-10.8
66.55;374.99;-9.92
66.58;375.11;-12.68
66.6;375.23;-10.37
66.63;375.35;-9.7
66.65;375.47;-9.73
66.68;375.59;-10.41
66.7;375.71;-10.42
66.73;375.83;-10.65
66.75;375.95;-12.24
66.78;376.07;-9.71
66.81;376.19;-10.84
66.83;376.31;-9.74
66.86;376.43;-10.77
66.88;376.55;-9.26
66.91;376.67;-9.27
66.93;376.79;-9.13
66.96;376.91;-9.13
66.98;377.03;-9.28
67.01;377.15;-9.38
67.04;377.27;-9.22
67.06;377.39;-8.83
67.09;377.51;-9.06
67.11;377.63;-9.19
67.14;377.75;-9.45
67.16;377.87;-9.58
67.19;377.99;-9.38
67.21;378.11;-9.07
67.24;378.23;-9.24
67.27;378.35;-8.87
67.29;378.47;-8.86
67.32;378.59;-8.48
67.34;378.71;-8.65
67.37;378.83;-8.87
67.39;378.95;-8.99
67.42;379.07;-8.9
67.44;379.19;-9.06
67.47;379.31;-9.18
67.5;379.43;-9.27
67.52;379.55;-8.95
67.55;379.67;-9.47
67.57;379.79;-9.56
67.6;379.91;-9.18
67.62;380.03;-9.2
67.65;380.15;-8.87
67.67;380.27;-9.03
67.7;380.39;-8.93
67.73;380.51;-8.65
67.75;380.63;-8.79
67.78;380.75;-8.67
67.8;380.87;-8.68
67.83;380.99;-8.77
67.85;381.11;-8.58
67.88;381.23;-8.44
67.9;381.35;-8.49
67.93;381.47;-8.51
67.96;381.59;-8.67
67.98;381.71;-8.89
68.01;381.83;-10.34
68.03;381.95;-10.5
68.06;382.07;-10.89
68.08;382.19;-10.98
68.11;382.31;-11.36
68.13;382.43;-11.17
68.16;382.55;-11.09
68.19;382.67;-11.24
68.21;382.79;-11.46
68.24;382.91;-11.11
68.26;383.03;-11.49
68.29;383.15;-11.76
68.31;383.27;-11.34
68.34;383.39;-11.91
68.36;383.51;-11.29
68.39;383.63;-11.74
68.42;383.75;-8.26
68.44;383.87;-8.36
68.47;383.99;-8.41
68.49;384.11;-8.36
68.52;384.23;-8.26
68.54;384.35;-8.31
68.57;384.47;-8.06
68.59;384.59;-8.12
68.62;384.71;-8.08
68.65;384.83;-8.04
68.67;384.95;-7.91
68.7;385.07;-7.99
68.72;385.19;-7.83
68.75;385.31;-8.11
68.77;385.43;-7.83
68.8;385.55;-8.18
68.82;385.67;-8.14
68.85;385.79;-8.08
68.88;385.91;-8.01
68.9;386.03;-8.33
68.93;386.15;-8.26
68.95;386.27;-8.43
68.98;386.39;-8.49
69,00;386.51;-8.7
69.03;386.63;-8.99
69.05;386.75;-9.06
69.08;386.87;-9.11
69.1;386.99;-9.15
69.13;387.11;-9.31
69.16;387.23;-9.24
69.18;387.35;-9.33
69.21;387.47;-9.17
69.23;387.59;-9.25
69.26;387.71;-9.19
69.31;387.95;-9.34
69.33;388.07;-9.34
69.36;388.19;-9.22
69.39;388.31;-9.36
69.41;388.43;-9.41
69.44;388.55;-9.48
69.46;388.67;-9.5
69.49;388.79;-9.47
69.51;388.91;-9.4
69.54;389.03;-9.43
69.56;389.15;-9.47
69.59;389.27;-9.39
69.62;389.39;-9.24
69.64;389.51;-9.15
69.67;389.63;-9.1
69.69;389.75;-9.18
69.71;389.87;-9.39
69.73;389.99;-9.44
69.76;390.11;-8.88
69.78;390.23;-9.02
69.8;390.35;-9.37
69.82;390.47;-8.86
69.84;390.59;-8.73
69.86;390.71;-8.67
69.88;390.83;-8.34
69.9;390.95;-9.24
69.92;391.07;-9.65
69.94;391.19;-9.33
69.96;391.31;-9.09
69.99;391.43;-9.01
70.01;391.55;-9.32
70.03;391.67;-9.09
70.05;391.79;-9.26
70.07;391.91;-9.56
70.09;392.03;-9.19
70.11;392.15;-9.36
70.13;392.27;-9.52
70.15;392.39;-9.86
70.17;392.51;-9.74
70.19;392.63;-9.52
70.21;392.75;-9.07
70.24;392.87;-9.27
70.26;392.99;-9.22
70.28;393.11;-9.58
70.3;393.23;-9.49
70.32;393.35;-9.64
70.34;393.47;-9.25
70.36;393.59;-9,00
70.38;393.71;-9.19
70.4;393.83;-9.1
70.42;393.95;-8.2
70.44;394.07;-7.97
70.47;394.19;-8.1
70.49;394.31;-7.85
70.51;394.43;-8.18
70.55;394.67;-7.71
70.57;394.79;-7.72
70.59;394.91;-7.66
70.61;395.03;-7.95
70.63;395.15;-7.55
70.65;395.27;-7.69
70.67;395.39;-7.79
70.7;395.51;-7.47
70.72;395.63;-7.58
70.74;395.75;-7.5
70.76;395.87;-7.22
70.78;395.99;-7.58
70.8;396.11;-7.77
70.82;396.23;-7.66
70.84;396.35;-7.65
70.86;396.47;-7.81
70.88;396.59;-7.76
70.9;396.71;-7.46
70.93;396.83;-7.61
70.95;396.95;-7.72
70.97;397.07;-7.73
70.99;397.19;-7.68
71.01;397.31;-7.66
71.03;397.43;-7.8
71.05;397.55;-7.91
71.07;397.67;-7.76
71.09;397.79;-7.82
71.11;397.91;-7.62
71.13;398.03;-7.69
71.15;398.15;-7.75
71.16;398.27;-7.91
71.18;398.39;-7.55
71.19;398.51;-7.62
71.21;398.63;-7.57
71.23;398.75;-7.51
71.24;398.87;-7.3
71.26;398.99;-7.45
71.27;399.11;-7.36
71.29;399.23;-7.39
71.31;399.35;-7.72
71.32;399.47;-7.72
71.34;399.59;-8.09
71.36;399.71;-7.61
71.37;399.83;-7.78
71.39;399.95;-7.48
71.4;400.07;-7.64
71.42;400.19;-7.64
71.44;400.31;-7.77
71.45;400.43;-7.82
71.47;400.55;-8.07
71.48;400.67;-8.09
71.5;400.79;-7.92
71.52;400.91;-7.74
71.53;401.03;-7.98
71.55;401.15;-8.02
71.57;401.27;-7.97
71.58;401.39;-8.1
71.6;401.51;-8.11
71.61;401.63;-8.08
71.63;401.75;-8.36
71.65;401.87;-8.12
71.66;401.99;-7.95
71.68;402.11;-8,00
71.69;402.23;-7.96
71.71;402.35;-7.99
71.73;402.47;-7.72
71.74;402.59;-7.8
71.76;402.71;-7.88
71.77;402.83;-7.86
71.79;402.95;-7.82
71.81;403.07;-8.12
71.82;403.19;-8.3
71.84;403.31;-8.09
71.86;403.43;-8.1
71.87;403.55;-8.01
71.89;403.67;-8.02
71.9;403.79;-8.44
71.92;403.91;-8.69
71.94;404.03;-8.63
71.95;404.15;-8.73
71.97;404.27;-8.59
71.98;404.39;-8.94
72,00;404.51;-8.91
72.02;404.63;-8.93
72.03;404.75;-8.76
72.07;404.99;-8.91
72.08;405.11;-9,00
72.1;405.23;-9.03
72.11;405.35;-8.94
72.13;405.47;-8.92
72.15;405.59;-8.97
72.16;405.71;-9,00
72.18;405.83;-9.02
72.19;405.95;-9.76
72.21;406.07;-8.97
72.23;406.19;-8.99
72.24;406.31;-9.04
72.27;406.55;-9.12
72.29;406.67;-9.36
72.32;406.79;-9.28
72.34;406.91;-9.25
72.36;407.03;-9.25
72.39;407.15;-9,00
72.41;407.27;-9.07
72.44;407.39;-9.19
72.46;407.51;-9.24
72.48;407.63;-9.24
72.51;407.75;-9.07
72.53;407.87;-9.14
72.56;407.99;-9.06
72.58;408.11;-8.86
72.6;408.23;-9.16
72.63;408.35;-9.07
72.65;408.47;-9.01
72.68;408.59;-9.16
72.7;408.71;-9.01
72.72;408.83;-9.04
72.75;408.95;-9.03
72.77;409.07;-9.03
72.8;409.19;-9.05
72.82;409.31;-9.13
72.84;409.43;-9.04
72.87;409.55;-9.06
72.89;409.67;-8.9
72.92;409.79;-8.96
72.94;409.91;-8.83
72.97;410.03;-8.98
72.99;410.15;-8.85
73.01;410.27;-8.58
73.04;410.39;-8.61
73.06;410.51;-8.75
73.09;410.63;-8.99
73.11;410.75;-8.61
73.13;410.87;-8.77
73.16;410.99;-8.93
73.18;411.11;-8.88
73.21;411.23;-8.94
73.23;411.35;-9.06
73.25;411.47;-8.84
73.28;411.59;-8.73
73.3;411.71;-8.57
73.33;411.83;-8.38
73.35;411.95;-8.28
73.37;412.07;-8.35
73.4;412.19;-8.48
73.42;412.31;-8.88
73.45;412.43;-8.73
73.47;412.55;-8.66
73.5;412.67;-8.66
73.52;412.79;-8.7
73.54;412.91;-8.86
73.57;413.03;-8.87
73.59;413.15;-8.92
73.62;413.27;-8.83
73.64;413.39;-9.03
73.66;413.51;-9.4
73.69;413.63;-9.19
73.71;413.75;-9.23
73.74;413.87;-9.15
73.76;413.99;-9.13
73.81;414.23;-9.14
73.83;414.35;-8.99
73.86;414.47;-9.01
73.88;414.59;-9.19
73.9;414.71;-8.93
73.93;414.83;-8.94
73.95;414.95;-9.01
73.98;415.07;-9.06
74,00;415.19;-8.81
74.03;415.31;-8.73
74.05;415.43;-8.55
74.07;415.55;-8.67
74.1;415.67;-8.57
74.12;415.79;-8.56
74.14;415.91;-8.47
74.15;416.03;-8.41
74.16;416.15;-8.38
74.18;416.27;-7.99
74.19;416.39;-8.34
74.21;416.51;-8.24
74.22;416.63;-8.34
74.23;416.75;-8.05
74.25;416.87;-8.05
74.26;416.99;-8.19
74.28;417.11;-8.21
74.29;417.23;-8.26
74.31;417.35;-8.23
74.32;417.47;-8.27
74.33;417.59;-8.39
74.35;417.71;-8.14
74.36;417.83;-8.33
74.38;417.95;-8.16
74.39;418.07;-8.44
74.4;418.19;-8.25
74.42;418.31;-7.92
74.43;418.43;-7.91
74.45;418.55;-7.87
74.46;418.67;-7.64
74.48;418.79;-7.54
74.49;418.91;-7.47
74.5;419.03;-7.43
74.52;419.15;-7.53
74.53;419.27;-7.51
74.55;419.39;-7.44
74.56;419.51;-7.69
74.58;419.63;-7.99
74.59;419.75;-7.78
74.6;419.87;-7.91
74.62;419.99;-7.66
74.63;420.11;-7.76
74.65;420.23;-7.91
74.66;420.35;-7.72
74.67;420.47;-7.98
74.69;420.59;-7.82
74.7;420.71;-8,00
74.72;420.83;-8.2
74.73;420.95;-7.86
74.75;421.07;-8.12
74.76;421.19;-7.48
74.77;421.31;-8.48
74.79;421.43;-7.46
74.8;421.55;-7.69
74.82;421.67;-7.7
74.83;421.79;-7.76
74.84;421.91;-8.02
74.86;422.03;-7.74
74.87;422.15;-8.24
74.89;422.27;-7.7
74.9;422.39;-7.86
74.92;422.51;-7.54
74.93;422.63;-7.52
74.94;422.75;-7.87
74.96;422.87;-7.68
74.97;422.99;-7.69
74.99;423.11;-7.9
75,00;423.23;-7.73
75.01;423.35;-7.68
75.03;423.47;-7.26
75.04;423.59;-8.74
75.06;423.71;-7.49
75.07;423.83;-7.8
75.09;423.95;-7.92
75.1;424.07;-7.48
75.11;424.19;-7.66
75.13;424.31;-7.47
75.14;424.43;-7.64
75.16;424.55;-7.62
75.17;424.67;-7.54
75.18;424.79;-7.32
75.2;424.91;-7.19
75.21;425.03;-7.43
75.23;425.15;-7.5
75.24;425.27;-7.11
75.26;425.39;-7.88
75.27;425.51;-7.04
75.28;425.63;-8.02
75.3;425.75;-7.02
75.31;425.87;-7.15
75.33;425.99;-7.23
75.34;426.11;-7,00
75.35;426.23;-7.11
75.37;426.35;-7.63
75.38;426.47;-7.28
75.4;426.59;-7.71
75.41;426.71;-7.99
75.43;426.83;-8.09
75.44;426.95;-7.79
75.45;427.07;-7.8
75.47;427.19;-7.79
75.48;427.31;-7.89
75.5;427.43;-8.77
75.51;427.55;-8.25
75.53;427.67;-8.08
75.55;427.79;-8.09
75.57;427.91;-8.27
75.59;428.03;-8.09
75.61;428.15;-8.2
75.63;428.27;-8.31
75.66;428.39;-7.97
75.68;428.51;-8.14
75.7;428.63;-8.29
75.72;428.75;-8.28
75.74;428.87;-8.4
75.77;428.99;-8.08
75.79;429.11;-8.04
75.81;429.23;-8.21
75.83;429.35;-8.1
75.85;429.47;-8.2
75.88;429.59;-8.08
75.9;429.71;-8.12
75.92;429.83;-8.53
75.94;429.95;-8.02
75.96;430.07;-8.06
75.98;430.19;-8.09
76.01;430.31;-8.1
76.03;430.43;-8.13
76.05;430.55;-8.64
76.07;430.67;-8.75
76.09;430.79;-8.67
76.12;430.91;-8.67
76.14;431.03;-8.67
76.16;431.15;-8.53
76.18;431.27;-8.59
76.2;431.39;-8.32
76.23;431.51;-8.16
76.25;431.63;-8.28
76.27;431.75;-8.37
76.29;431.87;-8.45
76.31;431.99;-8.42
76.34;432.11;-8.42
76.36;432.23;-8.42
76.38;432.35;-8.69
76.4;432.47;-8.62
76.42;432.59;-8.7
76.44;432.71;-8.76
76.47;432.83;-8.73
76.49;432.95;-8.57
76.51;433.07;-8.7
76.53;433.19;-8.7
76.55;433.31;-8.74
76.58;433.43;-8.76
76.6;433.55;-8.77
76.62;433.67;-8.76
76.64;433.79;-8.87
76.66;433.91;-8.61
76.69;434.03;-8.48
76.71;434.15;-8.56
76.73;434.27;-8.55
76.75;434.39;-8.18
76.77;434.51;-8.3
76.79;434.63;-8.33
76.82;434.75;-8.53
76.84;434.87;-8.45
76.86;434.99;-8.41
76.88;435.11;-8.37
76.9;435.23;-8.2
76.93;435.35;-7.96
76.95;435.47;-7.85
76.97;435.59;-7.34
76.99;435.71;-7.49
77.01;435.83;-7.19
77.04;435.95;-7.25
77.06;436.07;-7.22
77.08;436.19;-7.64
77.1;436.31;-7.4
77.12;436.43;-7.43
77.15;436.55;-7.42
77.17;436.67;-7.73
77.19;436.79;-7.49
77.21;436.91;-7.48
77.23;437.03;-7.93
77.25;437.15;-7.95
77.27;437.27;-7.85
77.29;437.39;-7.9
77.31;437.51;-8.01
77.33;437.63;-7.89
77.35;437.75;-7.9
77.37;437.87;-7.71
77.4;437.99;-7.98
77.42;438.11;-7.9
77.44;438.23;-7.97
77.46;438.35;-8.16
77.48;438.47;-8.1
77.5;438.59;-8.22
77.52;438.71;-8.04
77.54;438.83;-8.22
77.56;438.95;-8.23
77.58;439.07;-8.14
77.6;439.19;-8.19
77.62;439.31;-8.15
77.64;439.43;-8.43
77.67;439.55;-8.24
77.69;439.67;-8.08
77.71;439.79;-7.98
77.73;439.91;-8.28
77.75;440.03;-8.13
77.77;440.15;-7.8
77.79;440.27;-7.69
77.81;440.39;-7.9
77.83;440.51;-7.95
77.85;440.63;-8.11
77.87;440.75;-7.93
77.89;440.87;-7.87
77.92;440.99;-7.97
77.94;441.11;-7.9
77.96;441.23;-8.24
77.98;441.35;-8.34
78,00;441.47;-8.51
78.02;441.59;-8.45
78.04;441.71;-8.14
78.06;441.83;-8.28
78.08;441.95;-8.38
78.1;442.07;-8.07
78.12;442.19;-8.23
78.14;442.31;-8.06
78.17;442.43;-8.21
78.19;442.55;-8.45
78.21;442.67;-8.87
78.23;442.79;-8.83
78.25;442.91;-9.22
78.27;443.03;-9.14
78.29;443.15;-9.2
78.31;443.27;-9.11
78.33;443.39;-9.15
78.35;443.51;-8.36
78.37;443.63;-9.37
78.39;443.75;-8.68
78.42;443.87;-8.4
78.44;443.99;-8.45
78.46;444.11;-8.32
78.48;444.23;-8.38
78.5;444.35;-8.5
78.52;444.47;-8.49
78.54;444.59;-8.43
78.57;444.71;-8.43
78.59;444.83;-8.64
78.62;444.95;-8.46
78.64;445.07;-8.19
78.67;445.19;-8.45
78.69;445.31;-8.4
78.72;445.43;-8.55
78.74;445.55;-8.37
78.77;445.67;-8.45
78.79;445.79;-8.45
78.82;445.91;-8.62
78.84;446.03;-8.68
78.87;446.15;-8.57
78.89;446.27;-8.54
78.92;446.39;-8.56
78.94;446.51;-8.56
78.97;446.63;-8.44
78.99;446.75;-8.61
79.02;446.87;-8.29
79.04;446.99;-8.49
79.07;447.11;-8.07
79.09;447.23;-8.15
79.12;447.35;-8.25
79.14;447.47;-8.07
79.17;447.59;-7.94
79.19;447.71;-7.41
79.22;447.83;-7.71
79.24;447.95;-8.12
79.27;448.07;-8.18
79.29;448.19;-8.12
79.32;448.31;-8.24
79.34;448.43;-8.3
79.37;448.55;-8.35
79.39;448.67;-8.18
79.42;448.79;-8.37
79.44;448.91;-8.41
79.47;449.03;-8.22
79.49;449.15;-8.27
79.52;449.27;-8.09
79.54;449.39;-8.27
79.57;449.51;-8.25
79.59;449.63;-8.43
79.62;449.75;-8.07
79.64;449.87;-8.24
79.67;449.99;-8.21
79.67;450,00;-6.68
79.68;450.07;-6.62
79.69;450.11;-6.7
79.7;450.13;-6.74
79.71;450.2;-6.63
79.72;450.23;-6.47
79.72;450.27;-6.31
79.74;450.34;-6.45
79.74;450.35;-6.5
79.75;450.4;-6.71
79.77;450.47;-6.85
79.77;450.47;-6.85
79.78;450.54;-7.04
79.79;450.59;-6.85
79.79;450.6;-6.81
79.81;450.67;-6.95
79.82;450.71;-6.73
79.82;450.74;-6.51
79.84;450.81;-6.37
79.84;450.83;-6.41
79.85;450.87;-6.58
79.86;450.94;-7.05
79.87;450.95;-7.14
79.88;451.01;-7.68
79.89;451.07;-7.91
79.89;451.08;-7.93
79.91;451.14;-7.84
79.92;451.19;-7.68
79.92;451.21;-7.59
79.93;451.28;-7.4
79.94;451.31;-7.33
79.95;451.35;-7.31
79.96;451.41;-7.46
79.97;451.43;-7.42
79.98;451.48;-7.16
79.99;451.55;-7.15
79.99;451.55;-7.15
80,00;451.61;-7.22
80.02;451.67;-7.25
80.02;451.68;-7.27
80.03;451.75;-7.26
80.04;451.79;-7.21
80.05;451.82;-7.11
80.06;451.88;-6.76
80.07;451.91;-6.8
80.07;451.95;-6.92
80.09;452.02;-7.24
80.09;452.03;-7.26
80.1;452.08;-7.32
80.12;452.15;-7.34
80.12;452.15;-7.34
80.13;452.21;-7.39
80.14;452.27;-7.35
80.14;452.28;-7.34
80.16;452.34;-7.47
80.17;452.39;-7.4
80.17;452.41;-7.37
80.19;452.47;-7.35
80.19;452.51;-7.32
80.2;452.54;-7.33
80.21;452.6;-7.39
80.22;452.63;-7.42
80.23;452.67;-7.45
80.24;452.73;-7.36
80.25;452.75;-7.35
80.26;452.8;-7.28
80.27;452.86;-7.32
80.27;452.87;-7.31
80.28;452.93;-7.12
80.3;452.99;-6.9
80.3;453,00;-6.89
80.31;453.06;-7.1
80.32;453.11;-7.25
80.33;453.13;-7.28
80.34;453.19;-7.12
80.35;453.23;-7.17
80.35;453.26;-7.24
80.37;453.32;-7.26
80.37;453.35;-7.28
80.38;453.39;-7.28
80.4;453.45;-7.22
80.4;453.47;-7.28
80.41;453.52;-7.43
80.42;453.58;-7.91
80.43;453.59;-7.87
80.44;453.65;-7.29
80.45;453.71;-7.19
80.45;453.71;-7.19
80.47;453.78;-7.24
80.48;453.83;-7.23
80.48;453.84;-7.21
80.5;453.91;-7.17
80.5;453.95;-7.05
80.51;453.98;-6.99
80.52;454.04;-6.97
80.53;454.07;-6.94
80.54;454.11;-6.95
80.55;454.17;-7.12
80.56;454.19;-7.14
80.57;454.24;-7.14
80.58;454.3;-7.17
80.58;454.31;-7.15
80.59;454.37;-7.01
80.61;454.43;-7.03
80.61;454.43;-7.03
80.62;454.5;-7.09
80.63;454.55;-7.08
80.64;454.56;-7.07
80.65;454.63;-7.16
80.66;454.67;-7.28
80.66;454.69;-7.31
80.68;454.76;-7.17
80.68;454.79;-7.15
80.69;454.82;-7.18
80.71;454.89;-7.32
80.71;454.91;-7.28
80.72;454.96;-7.16
80.73;455.02;-7.18
80.74;455.03;-7.2
80.75;455.09;-7.31
80.76;455.15;-7.15
80.76;455.15;-7.15
80.78;455.22;-7.12
80.79;455.27;-7.06
80.79;455.28;-7.03
80.8;455.35;-7.06
80.81;455.39;-7.04
80.84;455.51;-7.06
80.85;455.54;-7.04
80.86;455.61;-7,00
80.86;455.63;-6.93
80.87;455.67;-6.8
80.89;455.74;-6.74
80.89;455.75;-6.72
80.9;455.8;-6.84
80.92;455.87;-7.16
80.92;455.87;-7.16
80.93;455.93;-7.01
80.94;455.99;-6.85
80.94;456,00;-6.84
80.96;456.07;-6.91
80.97;456.11;-6.73
80.97;456.13;-6.66
80.99;456.2;-6.61
80.99;456.23;-6.58
81,00;456.26;-6.56
81.01;456.33;-6.64
81.02;456.35;-6.6
81.03;456.39;-6.5
81.04;456.46;-6.38
81.04;456.47;-6.38
81.06;456.52;-6.4
81.07;456.59;-6.32
81.07;456.59;-6.32
81.08;456.65;-6.33
81.1;456.71;-6.29
81.1;456.72;-6.29
81.11;456.78;-6.37
81.12;456.83;-6.39
81.13;456.85;-6.4
81.14;456.91;-6.42
81.15;456.95;-6.49
81.15;456.98;-6.53
81.17;457.05;-6.49
81.17;457.07;-6.48
81.18;457.11;-6.52
81.2;457.18;-6.71
81.2;457.19;-6.75
81.21;457.24;-6.83
81.22;457.31;-6.44
81.23;457.31;-6.43
81.25;457.43;-6.42
81.25;457.44;-6.43
81.27;457.5;-6.57
81.28;457.55;-6.46
81.28;457.57;-6.42
81.29;457.63;-6.57
81.3;457.67;-6.57
81.31;457.7;-6.54
81.32;457.76;-6.43
81.33;457.79;-6.4
81.34;457.83;-6.42
81.35;457.89;-6.25
81.35;457.91;-6.29
81.36;457.96;-6.4
81.38;458.03;-6.29
81.38;458.03;-6.28
81.39;458.09;-6.21
81.41;458.15;-6.25
81.41;458.16;-6.26
81.42;458.22;-6.37
81.43;458.27;-6.42
81.44;458.29;-6.37
81.45;458.35;-6.12
81.46;458.39;-6.09
81.46;458.42;-6.15
81.48;458.48;-6.19
81.48;458.51;-6.15
81.49;458.55;-6.11
81.51;458.61;-6.2
81.51;458.63;-6.23
81.52;458.68;-6.38
81.53;458.74;-6.28
81.53;458.75;-6.27
81.55;458.81;-6.18
81.56;458.87;-6,00
81.56;458.87;-5.99
81.58;458.94;-6.19
81.59;458.99;-6.24
81.59;459,00;-6.25
81.6;459.07;-6.21
81.61;459.11;-6.21
81.62;459.14;-6.19
81.63;459.2;-6.17
81.64;459.23;-6.16
81.65;459.27;-6.13
81.66;459.33;-6.14
81.66;459.35;-6.09
81.67;459.4;-6.04
81.69;459.46;-6.15
81.69;459.47;-6.16
81.7;459.53;-6.15
81.72;459.59;-6.08
81.72;459.59;-6.08
81.73;459.66;-6.04
81.74;459.71;-6.03
81.74;459.72;-6.03
81.76;459.79;-6.08
81.77;459.83;-6.09
81.77;459.85;-6.08
81.79;459.92;-6.12
81.79;459.95;-6.14
81.8;459.98;-6.14
81.81;460.05;-6.1
81.82;460.07;-6.07
81.83;460.12;-6.04
81.84;460.18;-6.04
81.84;460.19;-6.04
81.86;460.25;-5.99
81.87;460.31;-5.98
81.87;460.31;-5.99
81.88;460.38;-6.31
81.9;460.43;-5.85
81.9;460.44;-5.76
81.91;460.51;-5.78
81.92;460.55;-5.75
81.93;460.57;-5.73
81.94;460.64;-5.58
81.95;460.67;-5.59
81.95;460.7;-5.63
81.97;460.77;-5.52
81.97;460.79;-5.58
81.98;460.83;-5.71
82,00;460.9;-5.75
82,00;460.91;-5.75
82.01;460.96;-5.71
82.02;461.03;-5.58
82.02;461.03;-5.58
82.04;461.1;-5.7
82.05;461.15;-5.77
82.05;461.16;-5.74
82.07;461.23;-5.72
82.08;461.27;-5.61
82.08;461.29;-5.59
82.09;461.36;-5.53
82.1;461.39;-5.51
82.11;461.42;-5.42
82.12;461.49;-5.38
82.13;461.51;-5.31
82.14;461.55;-5.34
82.15;461.62;-5.4
82.15;461.63;-5.44
82.16;461.68;-5.61
82.18;461.75;-5.62
82.18;461.75;-5.62
82.2;461.87;-5.45
82.21;461.91;-5.45
82.23;461.99;-5.57
82.25;462.07;-5.66
82.26;462.11;-5.65
82.28;462.23;-5.59
82.28;462.24;-5.59
82.31;462.35;-5.46
82.32;462.4;-5.41
82.33;462.47;-5.44
82.35;462.56;-5.45
82.36;462.59;-5.45
82.39;462.71;-5.46
82.39;462.73;-5.46
82.41;462.83;-5.36
82.42;462.89;-5.23
82.44;462.95;-5.13
82.46;463.05;-5.1
82.46;463.07;-5.11
82.49;463.19;-5.2
82.49;463.22;-5.23
82.51;463.31;-5.31
82.53;463.38;-5.39
82.54;463.43;-5.35
82.56;463.54;-5.26
82.57;463.55;-5.26
82.59;463.67;-5.3
82.6;463.71;-5.32
82.62;463.79;-5.3
82.63;463.87;-5.27
82.64;463.91;-5.26
82.67;464.03;-5.15
82.67;464.03;-5.15
82.69;464.15;-5.1
82.7;464.2;-5.09
82.72;464.27;-5.1
82.74;464.36;-5.09
82.75;464.39;-5.11
82.77;464.51;-5.27
82.77;464.52;-5.28
82.8;464.63;-5.23
82.81;464.69;-5.22
82.82;464.75;-5.27
82.85;464.87;-5.3
82.87;464.99;-5.34
82.88;465.01;-5.35
82.9;465.11;-5.28
82.92;465.18;-5.19
82.93;465.23;-5.18
82.95;465.34;-5.21
82.95;465.35;-5.22
82.98;465.47;-5.25
82.99;465.5;-5.28
83,00;465.59;-5.3
83.02;465.67;-5.46
83.03;465.71;-5.58
83.06;465.83;-5.75
83.06;465.83;-5.75
83.08;465.95;-5.45
83.09;465.99;-5.63
83.11;466.07;-5.86
83.13;466.16;-5.78
83.13;466.19;-5.76
83.16;466.31;-5.69
83.16;466.32;-5.69
83.18;466.43;-5.79
83.2;466.48;-5.89
83.21;466.55;-5.84
83.23;466.65;-5.68
83.24;466.67;-5.71
83.26;466.79;-5.83
83.27;466.81;-5.85
83.29;466.91;-5.72
83.3;466.97;-5.68
83.31;467.03;-5.71
83.34;467.14;-5.69
83.34;467.15;-5.7
83.36;467.27;-5.78
83.37;467.3;-5.83
83.39;467.39;-5.87
83.41;467.46;-5.79
83.42;467.51;-5.82
83.44;467.63;-5.95
83.44;467.63;-5.95
83.48;467.66;-5.81
83.51;467.69;-5.71
83.55;467.73;-5.74
83.57;467.75;-5.82
83.58;467.76;-5.83
83.62;467.79;-5.73
83.65;467.82;-5.52
83.69;467.85;-5.49
83.71;467.87;-5.48
83.72;467.89;-5.5
83.76;467.92;-5.63
83.79;467.95;-5.64
83.82;467.97;-5.54
83.84;467.99;-5.52
83.84;467.99;-5.51
83.85;468.01;-5.38
83.87;468.02;-5.49
83.89;468.04;-5.62
83.91;468.06;-5.71
83.93;468.07;-5.7
83.95;468.09;-5.59
83.97;468.11;-5.75
83.97;468.11;-5.76
83.98;468.12;-5.8
84,00;468.14;-5.45
84.02;468.16;-5.58
84.04;468.17;-5.47
84.06;468.19;-5.51
84.08;468.21;-5.48
84.09;468.22;-5.58
84.1;468.23;-5.52
84.11;468.24;-5.42
84.13;468.26;-5.47
84.15;468.28;-5.51
84.17;468.29;-5.51
84.19;468.31;-5.55
84.21;468.33;-5.54
84.22;468.34;-5.67
84.23;468.35;-5.7
84.24;468.36;-5.72
84.26;468.38;-5.68
84.28;468.39;-5.59
84.3;468.41;-5.64
84.32;468.43;-5.48
84.33;468.44;-5.47
84.35;468.46;-5.55
84.37;468.48;-5.46
84.39;468.49;-5.4
84.4;468.51;-5.41
84.42;468.52;-5.35
84.44;468.54;-5.46
84.45;468.55;-5.26
84.47;468.57;-5.36
84.49;468.58;-5.64
84.5;468.6;-5.61
84.52;468.61;-5.77
84.54;468.63;-5.83
84.55;468.64;-5.62
84.57;468.66;-5.6
84.59;468.67;-5.24
84.6;468.69;-5.4
84.62;468.7;-5.57
84.64;468.72;-5.57
84.65;468.73;-5.67
84.67;468.75;-5.69
84.67;468.75;-5.69
84.68;468.76;-5.67
84.7;468.78;-5.88
84.72;468.79;-5.81
84.73;468.81;-5.94
84.75;468.82;-5.93
84.77;468.84;-5.9
84.78;468.85;-5.8
84.8;468.87;-5.78
84.82;468.88;-5.87
84.83;468.9;-5.83
84.85;468.91;-5.96
84.87;468.93;-5.85
84.88;468.94;-5.84
84.9;468.96;-5.7
84.92;468.97;-5.78
84.93;468.99;-5.69
84.95;469,00;-5.78
84.97;469.02;-5.74
84.98;469.03;-5.54
85,00;469.05;-5.69
85.02;469.06;-5.89
85.03;469.08;-5.94
85.05;469.09;-5.87
85.07;469.11;-5.9
85.08;469.12;-5.83
85.1;469.14;-5.88
85.11;469.15;-5.95
85.12;469.15;-5.99
85.13;469.17;-6.06
85.15;469.19;-5.96
85.17;469.2;-6.02
85.18;469.22;-6.23
85.2;469.23;-6.44
85.21;469.25;-6.15
85.23;469.26;-6.43
85.25;469.28;-6.43
85.26;469.29;-6.45
85.28;469.31;-6.45
85.3;469.32;-6.49
85.31;469.34;-6.48
85.33;469.35;-6.41
85.35;469.37;-6.47
85.36;469.38;-6.46
85.38;469.4;-6.63
85.4;469.41;-6.64
85.41;469.43;-6.49
85.43;469.44;-6.58
85.45;469.46;-6.79
85.46;469.47;-6.73
85.48;469.49;-6.9
85.5;469.5;-6.88
85.51;469.52;-6.84
85.53;469.53;-6.79
85.55;469.55;-6.78
85.56;469.56;-6.77
85.58;469.58;-6.71
85.6;469.59;-6.75
85.61;469.61;-6.72
85.63;469.62;-6.6
85.65;469.64;-6.54
85.66;469.65;-6.62
85.68;469.67;-6.55
85.69;469.68;-6.73
85.71;469.7;-6.71
85.73;469.71;-6.82
85.74;469.73;-6.68
85.76;469.74;-6.69
85.78;469.76;-6.55
85.79;469.77;-6.57
85.81;469.79;-6.61
85.83;469.8;-6.54
85.84;469.82;-6.53
85.86;469.83;-6.5
85.88;469.85;-6.52
85.89;469.86;-6.59
85.91;469.88;-6.54
85.93;469.89;-6.49
85.94;469.91;-6.49
85.96;469.92;-6.53
85.97;469.94;-6.03
85.99;469.95;-6.06
85.99;469.95;-6.06
86.01;469.97;-5.91
86.02;469.98;-5.95
86.04;470,00;-6.08
86.06;470.01;-6.08
86.07;470.03;-5.99
86.09;470.04;-5.95
86.11;470.06;-5.86
86.12;470.07;-5.89
86.14;470.09;-5.87
86.15;470.1;-5.84
86.17;470.12;-5.75
86.19;470.13;-5.68
86.2;470.15;-5.66
86.22;470.16;-5.69
86.24;470.18;-5.62
86.25;470.19;-5.67
86.27;470.21;-5.71
86.28;470.22;-5.56
86.3;470.24;-5.69
86.32;470.25;-5.58
86.33;470.27;-5.6
86.35;470.28;-5.53
86.37;470.29;-5.5
86.38;470.31;-5.52
86.4;470.32;-5.39
86.42;470.34;-5.31
86.43;470.35;-5.31
86.43;470.35;-5.31
86.45;470.37;-5.32
86.46;470.38;-5.28
86.48;470.4;-5.31
86.5;470.41;-5.31
86.51;470.43;-5.41
86.53;470.44;-5.34
86.55;470.46;-5.2
86.56;470.47;-5.31
86.58;470.49;-5.41
86.59;470.5;-5.27
86.6;470.51;-5.39
86.61;470.52;-5.46
86.62;470.53;-5.49
86.64;470.54;-5.4
86.65;470.55;-5.38
86.66;470.56;-5.41
86.67;470.57;-5.29
86.68;470.58;-5.27
86.69;470.59;-5.24
86.71;470.6;-5.43
86.72;470.62;-5.18
86.73;470.63;-5.2
86.74;470.64;-5.37
86.75;470.65;-5.26
86.77;470.66;-5.23
86.78;470.67;-5.3
86.79;470.68;-5.42
86.8;470.69;-5.33
86.81;470.7;-5.4
86.84;470.72;-5.35
86.85;470.74;-5.3
86.86;470.75;-5.24
86.87;470.75;-5.28
86.87;470.76;-5.35
86.89;470.77;-5.43
86.9;470.78;-5.37
86.91;470.79;-5.24
86.92;470.8;-5.46
86.93;470.81;-5.41
86.95;470.82;-5.26
86.96;470.84;-5.3
86.98;470.85;-5.39
87,00;470.87;-5.37
87.01;470.88;-5.4
87.03;470.9;-5.4
87.05;470.91;-5.44
87.06;470.93;-5.5
87.08;470.95;-5.23
87.1;470.96;-5.29
87.11;470.98;-5.2
87.13;470.99;-5.21
87.15;471.01;-5.21
87.16;471.02;-5.17
87.18;471.04;-5.17
87.2;471.05;-5.29
87.21;471.07;-5.36
87.23;471.08;-5.15
87.25;471.1;-5.34
87.26;471.11;-5.29
87.28;471.13;-5.5
87.29;471.14;-5.6
87.3;471.15;-5.51
87.31;471.16;-5.45
87.33;471.17;-5.61
87.34;471.19;-5.69
87.36;471.2;-5.78
87.38;471.22;-5.6
87.39;471.23;-5.5
87.41;471.25;-5.49
87.43;471.26;-5.74
87.44;471.28;-5.83
87.46;471.29;-5.74
87.48;471.31;-5.6
87.49;471.32;-5.42
87.51;471.34;-5.26
87.53;471.35;-5.34
87.54;471.37;-5.43
87.56;471.38;-5.33
87.58;471.4;-5.27
87.59;471.41;-5.3
87.61;471.43;-5.4
87.63;471.44;-5.45
87.64;471.46;-5.59
87.66;471.47;-5.63
87.67;471.49;-5.74
87.69;471.5;-5.89
87.71;471.52;-5.67
87.72;471.53;-5.87
87.74;471.55;-5.78
87.74;471.55;-5.78
87.76;471.56;-5.78
87.77;471.58;-5.93
87.79;471.59;-5.96
87.81;471.61;-5.97
87.82;471.62;-5.92
87.84;471.64;-6.01
87.86;471.65;-5.88
87.87;471.67;-5.94
87.89;471.68;-5.93
87.91;471.7;-5.99
87.92;471.71;-5.42
87.94;471.73;-5.52
87.96;471.74;-5.51
87.97;471.76;-5.51
87.99;471.77;-5.59
88.01;471.79;-5.66
88.02;471.8;-5.52
88.04;471.82;-5.57
88.05;471.83;-5.59
88.07;471.85;-5.59
88.09;471.86;-5.76
88.1;471.88;-5.58
88.12;471.89;-5.69
88.14;471.91;-5.74
88.15;471.92;-5.68
88.17;471.94;-5.68
88.18;471.95;-5.69
88.19;471.95;-5.69
88.2;471.97;-5.56
88.22;471.98;-5.73
88.24;472,00;-5.68
88.25;472.01;-5.75
88.27;472.03;-5.76
88.29;472.04;-5.88
88.3;472.06;-5.81
88.32;472.07;-6,00
88.34;472.09;-6.04
88.35;472.1;-6.13
88.37;472.12;-6.07
88.39;472.14;-6.16
88.4;472.15;-6.09
88.44;472.18;-6.27
88.45;472.2;-6.09
88.47;472.21;-6.05
88.48;472.23;-5.98
88.5;472.24;-6,00
88.52;472.26;-5.88
88.53;472.27;-5.72
88.55;472.29;-5.6
88.57;472.3;-5.64
88.58;472.32;-5.52
88.6;472.33;-5.55
88.62;472.35;-5.53
88.62;472.35;-5.48
88.63;472.36;-5.37
88.65;472.38;-5.49
88.67;472.39;-5.51
88.68;472.41;-5.73
88.7;472.42;-5.97
88.72;472.44;-5.89
88.73;472.45;-6.13
88.75;472.47;-6.31
88.77;472.48;-6.19
88.78;472.5;-5.77
88.8;472.51;-5.96
88.82;472.53;-6.02
88.83;472.54;-6.39
88.85;472.56;-6.34
88.86;472.57;-5.88
88.88;472.59;-5.81
88.9;472.6;-5.8
88.91;472.62;-6.33
88.93;472.63;-6.25
88.95;472.65;-6.22
88.96;472.66;-6.1
88.98;472.68;-6.16
89,00;472.69;-6.21
89.01;472.71;-6.22
89.03;472.72;-6.13
89.05;472.74;-6.16
89.06;472.75;-6.14
89.06;472.75;-6.13
89.08;472.77;-6.14
89.1;472.78;-6,00
89.11;472.8;-5.95
89.13;472.81;-6.03
89.15;472.83;-6.11
89.16;472.84;-6.25
89.18;472.86;-6.42
89.2;472.87;-6.28
89.21;472.89;-6.25
89.23;472.9;-6.83
89.25;472.92;-6.4
89.26;472.93;-6.37
89.28;472.95;-6.42
89.29;472.96;-6.48
89.31;472.98;-6.09
89.33;472.99;-6.18
89.34;473.01;-6.2
89.36;473.02;-6.2
89.38;473.04;-6.15
89.39;473.05;-6.21
89.41;473.07;-6.36
89.43;473.08;-6.35
89.44;473.1;-6.39
89.46;473.11;-6.43
89.48;473.13;-6.49
89.49;473.14;-6.41
89.5;473.15;-6.4
89.51;473.16;-6.36
89.53;473.17;-6.33
89.54;473.19;-6.34
89.56;473.2;-6.46
89.58;473.22;-6.45
89.59;473.23;-6.49
89.61;473.25;-6.51
89.63;473.26;-6.5
89.64;473.28;-6.58
89.66;473.29;-6.43
89.67;473.31;-6.67
89.69;473.33;-6.65
89.71;473.34;-6.73
89.72;473.36;-6.51
89.74;473.37;-6.51
89.76;473.39;-6.44
89.77;473.4;-6.63
89.79;473.42;-6.52
89.81;473.43;-6.6
89.83;473.45;-6.54
89.86;473.48;-6.78
89.88;473.5;-6.63
89.9;473.52;-6.6
89.92;473.54;-6.68
89.94;473.55;-6.56
89.95;473.56;-6.47
89.97;473.58;-6.57
89.99;473.6;-6.59
90.02;473.62;-6.54
90.04;473.64;-6.55
90.06;473.66;-6.55
90.08;473.68;-6.48
90.11;473.7;-6.55
90.13;473.72;-6.58
90.15;473.75;-6.63
90.17;473.77;-6.65
90.2;473.79;-6.7
90.22;473.81;-6.71
90.24;473.83;-6.67
90.27;473.85;-6.7
90.29;473.87;-6.8
90.31;473.89;-6.82
90.33;473.91;-6.66
90.36;473.93;-6.9
90.38;473.95;-6.81
90.38;473.95;-6.8
90.4;473.97;-6.7
90.43;473.99;-6.67
90.45;474.01;-6.65
90.47;474.04;-6.61
90.49;474.06;-6.8
90.52;474.08;-6.77
90.54;474.1;-6.8
90.56;474.12;-6.75
90.58;474.14;-6.72
90.61;474.16;-6.75
90.63;474.18;-6.8
90.65;474.2;-6.72
90.68;474.22;-6.68
90.7;474.24;-6.65
90.72;474.26;-6.57
90.74;474.28;-6.6
90.77;474.31;-6.64
90.79;474.33;-6.67
90.81;474.35;-6.62
90.82;474.35;-6.63
90.84;474.39;-6.72
90.86;474.44;-6.75
90.88;474.48;-6.78
90.91;474.53;-6.47
90.93;474.57;-6.39
90.95;474.62;-6.47
90.98;474.67;-6.62
91,00;474.71;-6.63
91.02;474.75;-6.7
91.02;474.76;-6.71
91.05;474.8;-6.59
91.07;474.85;-6.58
91.09;474.9;-6.58
91.12;474.94;-6.69
91.14;474.99;-6.61
91.16;475.03;-6.63
91.19;475.08;-6.61
91.21;475.13;-6.55
91.22;475.15;-6.58
91.23;475.17;-6.63
91.26;475.22;-6.76
91.28;475.26;-6.67
91.3;475.31;-6.82
91.33;475.36;-6.86
91.35;475.4;-6.91
91.37;475.45;-6.96
91.4;475.49;-7.01
91.42;475.54;-7.08
91.42;475.55;-7.08
91.44;475.59;-7.03
91.47;475.63;-7.08
91.48;475.67;-6.96
91.5;475.69;-7.12
91.51;475.71;-7.06
91.52;475.74;-7.09
91.53;475.76;-7.17
91.55;475.79;-7.17
91.56;475.81;-7.11
91.57;475.84;-7.12
91.58;475.86;-7.14
91.6;475.89;-7.2
91.61;475.91;-7.09
91.62;475.94;-7.23
91.63;475.95;-7.18
91.63;475.96;-7.12
91.65;475.99;-7.17
91.66;476.01;-7.29
91.67;476.04;-7.16
91.68;476.06;-7.18
91.7;476.08;-7.3
91.71;476.11;-7.42
91.72;476.13;-7.21
91.73;476.16;-7.1
91.75;476.18;-7.1
91.76;476.21;-7.23
91.77;476.23;-7.38
91.78;476.26;-7.4
91.8;476.28;-7.28
91.81;476.31;-7.41
91.82;476.33;-7.26
91.83;476.35;-7.23
91.83;476.36;-7.22
91.85;476.38;-7.22
91.86;476.41;-7.34
91.87;476.43;-7.43
91.88;476.45;-7.36
91.9;476.48;-7.28
91.91;476.5;-7.26
91.92;476.53;-7.24
91.93;476.55;-7.26
91.95;476.58;-7.28
91.96;476.6;-7.19
91.97;476.63;-7.49
91.98;476.65;-7.6
92,00;476.68;-7.23
92.01;476.7;-7.3
92.02;476.73;-7.3
92.03;476.75;-7.19
92.03;476.75;-7.18
92.05;476.78;-7.18
92.06;476.8;-7.14
92.07;476.83;-7.34
92.08;476.85;-7.22
92.1;476.87;-7.2
92.11;476.9;-7.17
92.12;476.92;-7.14
92.13;476.95;-7.14
92.15;476.97;-7.1
92.16;477,00;-7.18
92.17;477.02;-6.99
92.18;477.05;-6.67
92.2;477.07;-6.63
92.21;477.1;-6.65
92.22;477.12;-6.62
92.23;477.15;-6.55
92.24;477.15;-6.54
92.25;477.17;-6.55
92.26;477.2;-6.51
92.27;477.22;-6.66
92.28;477.24;-6.59
92.3;477.27;-6.5
92.31;477.29;-6.51
92.32;477.32;-6.72
92.33;477.34;-6.63
92.35;477.37;-6.58
92.36;477.39;-6.62
92.37;477.42;-6.6
92.38;477.44;-6.68
92.4;477.47;-6.87
92.41;477.49;-6.92
92.42;477.52;-6.82
92.43;477.54;-6.92
92.44;477.55;-6.93
92.45;477.57;-6.94
92.46;477.59;-6.92
92.47;477.61;-6.78
92.48;477.64;-6.8
92.5;477.66;-6.92
92.51;477.69;-6.89
92.52;477.71;-6.87
92.53;477.74;-6.87
92.55;477.76;-6.83
92.56;477.79;-6.92
92.57;477.81;-6.91
92.58;477.84;-6.9
92.6;477.86;-6.99
92.61;477.89;-6.98
92.62;477.91;-6.99
92.63;477.94;-7,00
92.64;477.95;-7.02
92.65;477.96;-7.03
92.66;477.99;-7.03
92.67;478.01;-7.12
92.68;478.03;-7.12
92.7;478.06;-7.02
92.72;478.11;-7.21
92.73;478.13;-7.08
92.75;478.16;-7.03
92.76;478.18;-7.06
92.77;478.21;-6.93
92.78;478.23;-6.76
92.8;478.26;-6.91
92.81;478.28;-6.95
92.82;478.31;-6.8
92.83;478.33;-6.86
92.84;478.35;-6.85
92.85;478.36;-6.84
92.86;478.38;-6.72
92.87;478.4;-6.76
92.88;478.43;-6.71
92.9;478.45;-6.7
92.91;478.48;-6.75
92.92;478.5;-6.82
92.93;478.53;-6.79
92.95;478.55;-6.78
92.96;478.58;-6.6
92.97;478.6;-6.68
92.98;478.63;-6.89
93,00;478.66;-6.51
93.02;478.69;-6.34
93.03;478.72;-6.25
93.05;478.75;-6.11
93.05;478.76;-6.08
93.07;478.79;-6.22
93.08;478.82;-6.16
93.1;478.86;-6.33
93.12;478.89;-6.23
93.14;478.93;-6.14
93.15;478.96;-6.32
93.17;478.99;-6.33
93.19;479.03;-6.39
93.2;479.06;-6.38
93.22;479.09;-6.33
93.24;479.13;-6.38
93.25;479.16;-6.29
93.27;479.19;-6.42
93.29;479.23;-6.54
93.31;479.26;-6.42
93.32;479.29;-6.37
93.34;479.33;-6.42
93.36;479.36;-6.42
93.37;479.39;-6.43
93.39;479.43;-6.42
93.41;479.46;-6.49
93.42;479.5;-6.52
93.44;479.53;-6.58
93.45;479.55;-6.6
93.46;479.56;-6.61
93.48;479.6;-6.61
93.49;479.63;-6.53
93.5;479.65;-6.62
93.5;479.65;-6.69
93.51;479.65;-6.78
93.51;479.66;-6.95
93.51;479.66;-6.83
93.51;479.67;-6.87
93.52;479.67;-6.87
93.52;479.68;-6.94
93.52;479.68;-6.68
93.52;479.69;-6.69
93.52;479.69;-6.71
93.53;479.7;-6.83
93.53;479.7;-6.55
93.53;479.71;-6.83
93.53;479.71;-6.78
93.54;479.72;-6.8
93.54;479.72;-6.88
93.54;479.72;-6.88
93.54;479.73;-6.9
93.55;479.73;-6.9
93.55;479.74;-6.93
93.55;479.74;-6.95
93.66;479.95;-7.02
93.86;480.35;-6.88
94.06;480.75;-6.73
94.26;481.15;-6.7
94.29;481.21;-6.72
94.32;481.25;-6.61
94.38;481.38;-6.74
94.47;481.55;-6.82
94.48;481.58;-6.82
94.58;481.77;-6.75
94.67;481.95;-6.74
94.67;481.96;-6.74
94.77;482.15;-6.52
94.87;482.34;-6.68
94.87;482.35;-6.68
94.97;482.54;-6.66
95.06;482.73;-6.45
95.08;482.75;-6.46
95.16;482.92;-6.55
95.26;483.11;-6.68
95.36;483.3;-6.71
95.45;483.5;-6.69
95.48;483.55;-6.74
95.55;483.69;-6.8
95.65;483.88;-6.96
95.68;483.95;-6.91
95.75;484.07;-6.93
95.84;484.26;-6.94
95.89;484.35;-7.06
95.94;484.46;-7.09
96.09;484.75;-6.87
96.29;485.15;-6.86
96.43;485.42;-6.87
96.49;485.55;-6.81
96.52;485.61;-6.78
96.62;485.8;-7.01
96.7;485.95;-6.95
96.72;485.99;-6.93
96.82;486.18;-6.54
96.9;486.35;-6.47
96.91;486.38;-6.46
97.01;486.57;-6.63
97.1;486.75;-6.48
97.11;486.76;-6.47
97.17;486.89;-6.49
97.21;486.97;-6.54
97.25;487.05;-6.54
97.3;487.13;-6.44
97.31;487.15;-6.37
97.34;487.21;-6.17
97.38;487.29;-6.11
97.42;487.37;-6.03
97.46;487.46;-6.18
97.5;487.54;-6.23
97.51;487.55;-6.21
97.54;487.62;-6.14
97.58;487.7;-6.18
97.63;487.78;-6.26
97.67;487.86;-6.24
97.75;488.02;-6.56
97.79;488.11;-6.38
97.83;488.19;-6.49
97.87;488.27;-6.34
97.91;488.35;-6.35
97.91;488.35;-6.35
97.96;488.43;-6.33
98,00;488.51;-6.49
98.04;488.59;-6.3
98.08;488.67;-6.39
98.1;488.72;-6.36
98.12;488.75;-6.4
98.12;488.75;-6.41
98.13;488.78;-6.42
98.15;488.81;-6.44
98.16;488.84;-6.52
98.18;488.87;-6.73
98.19;488.9;-6.34
98.21;488.93;-6.33
98.22;488.96;-6.36
98.24;488.99;-6.28
98.25;489.02;-6.44
98.27;489.05;-6.29
98.28;489.07;-6.28
98.3;489.1;-6.14
98.31;489.13;-6.13
98.32;489.15;-6.13
98.33;489.16;-6.13
98.34;489.19;-6.19
98.36;489.22;-6.14
98.37;489.25;-6.29
98.39;489.28;-6.2
98.4;489.31;-6.26
98.42;489.34;-6.16
98.43;489.37;-6.23
98.45;489.4;-6.4
98.46;489.43;-6.34
98.47;489.45;-6.26
98.5;489.51;-6.36
98.52;489.55;-6.3
98.53;489.57;-6.26
98.55;489.6;-6.19
98.56;489.63;-6.09
98.58;489.66;-6.36
98.6;489.69;-6.01
98.62;489.73;-6.33
98.64;489.77;-6.22
98.66;489.81;-6.21
98.68;489.85;-6.14
98.7;489.89;-6.15
98.72;489.93;-6.53
98.74;489.97;-6.46
98.76;490.01;-6.11
98.78;490.05;-6.36
98.8;490.09;-6.3
98.82;490.13;-6.47
98.84;490.17;-6.45
98.86;490.21;-6.36
98.88;490.25;-5.8
98.9;490.29;-5.81
98.92;490.32;-5.75
98.93;490.35;-5.83
98.94;490.36;-5.87
98.96;490.4;-5.81
98.98;490.44;-5.82
99,00;490.48;-5.91
99.02;490.52;-5.82
99.04;490.56;-5.77
99.06;490.6;-5.79
99.08;490.64;-5.93
99.1;490.68;-5.8
99.12;490.72;-5.93
99.13;490.75;-5.96
99.14;490.76;-5.96
99.16;490.83;-5.92
99.18;490.9;-5.95
99.2;490.97;-5.89
99.22;491.03;-5.9
99.24;491.1;-6.14
99.25;491.15;-6.11
99.37;491.55;-6.17
